Date;Open;High;Low;Close;Volume
2017-02-10;90.0;96.0;83.0;85.0;35138800.0
2017-02-13;85.6;85.9;84.4;85.2;2282830.0
2017-02-14;85.5;85.5;84.64;85.0;2561550.0
2017-02-15;85.2;85.2;84.7;85.0;379180.0
2017-02-16;85.09;85.09;83.7;84.99;2647260.0
2017-02-17;84.0;84.9;84.0;84.9;630210.0
2017-02-20;84.9;84.9;84.0;84.85;117420.0
2017-02-21;84.0;84.9;84.0;84.8;216860.0
2017-02-22;84.79;84.8;84.15;84.75;626430.0
2017-02-24;84.01;84.7;83.75;84.7;109270.0
2017-02-27;84.9;85.0;83.8;84.48;814270.0
2017-02-28;84.0;84.99;83.8;84.93;6744560.0
2017-03-01;84.9;84.9;84.03;84.42;44400.0
2017-03-02;86.0;88.0;83.85;83.85;376710.0
2017-03-03;83.51;84.26;82.82;82.82;260170.0
2017-03-06;83.95;83.96;80.5;82.98;805580.0
2017-03-07;83.47;84.75;80.56;84.75;2274440.0
2017-03-09;84.7;84.7;82.28;84.6;1546990.0
2017-03-10;83.11;84.38;82.06;82.07;92400.0
2017-03-13;81.25;82.46;81.14;81.5;320800.0
2017-03-14;82.16;82.17;81.11;81.14;17350.0
2017-03-15;81.99;81.99;80.01;80.01;51190.0
2017-03-16;81.9;82.1;77.69;77.69;570540.0
2017-03-17;78.48;79.88;76.2;76.2;1295970.0
2017-03-20;77.69;78.91;75.01;75.01;1025970.0
2017-03-21;75.38;79.95;75.38;79.0;383940.0
2017-03-22;79.4;80.95;78.0;80.41;175580.0
2017-03-23;80.4;81.87;80.12;81.3;488860.0
2017-03-24;81.49;84.4;81.36;82.41;320450.0
2017-03-27;81.92;85.53;80.63;85.53;646820.0
2017-03-28;85.5;86.0;84.67;85.1;201150.0
2017-03-29;85.27;86.0;84.74;85.2;91060.0
2017-03-30;86.0;87.5;85.15;87.5;251800.0
2017-03-31;88.99;90.0;86.5;88.0;170570.0
2017-04-03;87.0;89.99;87.0;88.24;147070.0
2017-04-04;89.0;89.77;88.37;89.0;27460.0
2017-04-05;89.01;89.99;89.01;89.99;21940.0
2017-04-06;89.98;100.0;89.98;92.0;531630.0
2017-04-07;92.78;93.0;88.64;89.61;441400.0
2017-04-10;89.53;90.87;84.57;84.57;301240.0
2017-04-11;84.25;88.9;83.91;87.56;59650.0
2017-04-12;88.3;90.0;87.0;87.03;90920.0
2017-04-13;86.14;90.0;85.0;88.9;185550.0
2017-04-14;88.9;91.8;88.8;89.68;92410.0
2017-04-17;89.99;92.0;89.01;89.9;57560.0
2017-04-18;89.9;92.0;89.01;90.01;71190.0
2017-04-19;88.1;90.26;88.1;90.0;454630.0
2017-04-20;90.9;91.5;88.0;89.0;26440.0
2017-04-21;90.16;90.98;88.71;90.48;207880.0
2017-04-24;90.88;91.41;89.0;90.0;43210.0
2017-04-25;89.0;91.0;89.0;90.5;232210.0
2017-04-26;91.07;91.07;88.0;89.9;183090.0
2017-04-27;89.86;91.0;89.5;90.0;139900.0
2017-04-28;89.87;92.0;89.46;90.47;209060.0
2017-05-02;90.9;95.0;90.04;92.0;138390.0
2017-05-03;82.8;92.64;82.74;85.53;642290.0
2017-05-04;83.3;91.0;83.3;87.6;290120.0
2017-05-05;87.5;92.41;87.5;88.65;571490.0
2017-05-10;87.03;89.99;87.0;88.55;129960.0
2017-05-11;88.54;91.99;87.98;89.0;229530.0
2017-05-12;89.87;90.04;89.08;89.19;38380.0
2017-05-15;90.01;90.35;88.78;89.01;7630.0
2017-05-16;91.41;91.6;89.04;91.41;383850.0
2017-05-17;91.41;91.98;90.34;91.6;121770.0
2017-05-18;91.14;91.41;90.36;91.41;170030.0
2017-05-19;91.67;93.5;89.84;91.55;169070.0
2017-05-22;93.95;93.95;89.5;92.0;42720.0
2017-05-23;92.48;93.0;90.99;92.0;76190.0
2017-05-24;90.94;92.0;90.94;91.41;10130.0
2017-05-25;92.0;92.0;90.32;91.99;50370.0
2017-05-26;92.0;92.0;90.1;91.08;96380.0
2017-05-29;92.0;92.07;90.6;91.04;99750.0
2017-05-30;91.98;93.99;91.93;93.49;247500.0
2017-05-31;94.0;98.99;92.39;92.39;1316730.0
2017-06-01;92.54;96.89;92.0;95.39;399140.0
2017-06-02;96.79;99.0;96.0;97.3;218620.0
2017-06-05;102.0;102.0;96.14;96.5;160450.0
2017-06-06;96.01;96.51;95.06;95.6;87730.0
2017-06-07;96.3;96.49;94.89;95.8;429930.0
2017-06-08;95.96;97.37;94.45;96.2;618110.0
2017-06-09;96.74;101.8;95.89;100.45;267690.0
2017-06-13;101.95;101.95;99.11;101.0;287200.0
2017-06-14;101.0;103.0;100.01;103.0;553940.0
2017-06-15;100.0;102.0;96.73;101.0;654440.0
2017-06-16;101.0;104.19;99.1;99.99;5114950.0
2017-06-19;100.5;100.98;97.32;100.98;128350.0
2017-06-20;101.6;101.6;97.21;98.48;73230.0
2017-06-21;99.9;102.0;97.9;102.0;406150.0
2017-06-22;101.0;101.0;99.01;99.65;11100.0
2017-06-23;99.65;100.0;98.92;98.95;93390.0
2017-06-26;99.3;100.0;98.12;98.99;228020.0
2017-06-27;97.01;99.84;96.75;96.75;254000.0
2017-06-28;98.33;99.25;97.5;97.88;161660.0
2017-06-29;97.93;97.94;92.02;94.01;218890.0
2017-06-30;94.01;95.89;91.11;93.99;71080.0
2017-07-03;94.41;94.41;92.0;93.71;45450.0
2017-07-04;94.2;94.2;91.52;92.0;231260.0
2017-07-05;92.0;92.35;88.34;89.4;121900.0
2017-07-06;89.99;91.88;89.6;90.9;207360.0
2017-07-07;89.61;92.99;89.6;92.0;190700.0
2017-07-10;91.99;93.35;91.56;93.35;42660.0
2017-07-11;92.0;93.7;91.77;91.77;46900.0
2017-07-12;91.67;92.89;91.66;91.7;70210.0
2017-07-13;91.46;91.8;91.0;91.8;53530.0
2017-07-14;89.43;90.32;88.84;90.0;247990.0
2017-07-17;90.41;90.99;89.08;89.1;12980.0
2017-07-18;89.26;89.26;86.88;86.88;54510.0
2017-07-19;86.57;89.34;86.52;88.16;86270.0
2017-07-20;88.6;90.49;88.6;89.98;76350.0
2017-07-21;89.95;90.9;88.76;88.94;79680.0
2017-07-24;89.4;91.46;89.4;89.8;161750.0
2017-07-25;89.77;90.43;88.23;88.87;166520.0
2017-07-26;89.38;89.72;88.5;88.86;516600.0
2017-07-27;89.18;90.98;89.01;90.98;101280.0
2017-07-28;90.9;90.9;88.57;89.97;79640.0
2017-07-31;89.34;90.7;88.55;90.5;192080.0
2017-08-01;91.1;91.35;90.3;91.25;54930.0
2017-08-02;92.5;92.5;91.0;91.3;40380.0
2017-08-03;92.0;92.0;90.35;91.3;31850.0
2017-08-04;90.05;91.8;90.05;91.3;31000.0
2017-08-07;90.8;91.2;90.05;91.2;16340.0
2017-08-08;90.75;91.25;90.15;91.2;40850.0
2017-08-09;90.65;92.8;90.65;92.0;47540.0
2017-08-10;92.05;92.2;91.5;91.7;46010.0
2017-08-11;91.5;91.95;89.95;91.15;187660.0
2017-08-14;90.85;93.0;90.35;92.95;251180.0
2017-08-15;92.2;92.95;91.0;92.25;72550.0
2017-08-16;92.0;92.2;90.55;90.8;2225490.0
2017-08-17;90.9;92.0;90.9;91.65;305020.0
2017-08-18;91.4;92.9;91.0;92.9;76580.0
2017-08-21;92.55;92.55;91.7;92.05;97220.0
2017-08-22;92.05;93.4;92.05;93.4;115990.0
2017-08-23;93.5;94.35;92.9;93.3;57190.0
2017-08-24;92.75;94.4;90.6;94.0;61870.0
2017-08-25;94.1;98.7;94.05;96.9;76860.0
2017-08-28;97.0;99.6;97.0;99.0;143170.0
2017-08-29;99.8;99.95;97.3;98.95;106120.0
2017-08-30;99.4;99.4;97.2;98.25;60620.0
2017-08-31;99.3;99.9;95.65;99.9;70240.0
2017-09-01;98.5;99.65;97.65;99.5;65830.0
2017-09-04;98.5;100.5;98.0;98.1;103610.0
2017-09-05;97.8;99.0;96.0;96.5;118690.0
2017-09-06;95.25;98.05;92.0;95.5;236480.0
2017-09-07;95.8;97.65;94.8;96.6;67150.0
2017-09-08;96.7;97.55;96.4;97.25;88090.0
2017-09-11;98.9;103.0;97.3;99.15;543310.0
2017-09-12;99.85;104.2;99.35;101.0;99730.0
2017-09-13;101.55;102.8;100.35;101.05;139740.0
2017-09-14;101.35;101.5;98.9;99.1;144030.0
2017-09-15;99.85;102.0;97.85;97.85;119750.0
2017-09-18;99.05;100.9;98.55;99.6;116120.0
2017-09-19;102.15;102.45;99.1;102.4;530200.0
2017-09-20;100.1;103.55;100.1;100.6;94370.0
2017-09-21;100.0;102.2;100.0;101.85;46260.0
2017-09-22;102.9;105.0;101.6;101.6;148360.0
2017-09-25;101.2;104.05;100.65;102.7;429540.0
2017-09-26;104.0;104.7;102.6;103.25;445860.0
2017-09-27;104.5;105.0;103.45;104.3;375830.0
2017-09-28;104.15;104.7;103.05;103.2;431740.0
2017-09-29;103.95;104.5;102.4;102.7;316090.0
2017-10-02;103.85;104.1;102.3;102.6;194740.0
2017-10-03;102.6;102.6;100.85;101.5;36910.0
2017-10-04;101.6;101.85;98.75;101.1;120160.0
2017-10-05;100.25;101.6;100.0;101.5;258940.0
2017-10-06;101.0;101.5;100.2;101.5;19710.0
2017-10-09;101.1;103.0;101.1;102.5;17690.0
2017-10-10;102.5;102.75;102.3;102.5;68120.0
2017-10-11;100.0;102.5;100.0;101.4;21020.0
2017-10-12;101.85;102.0;101.6;101.8;10420.0
2017-10-13;101.8;101.9;100.0;100.55;166250.0
2017-10-16;102.4;102.45;100.65;100.65;51150.0
2017-10-17;100.65;100.85;99.05;99.75;45760.0
2017-10-18;99.75;101.5;99.75;100.15;92490.0
2017-10-19;101.75;101.8;100.15;100.15;28660.0
2017-10-20;99.85;101.7;99.85;100.65;31260.0
2017-10-23;100.6;103.65;100.6;101.9;35250.0
2017-10-24;101.85;102.0;100.7;101.75;31960.0
2017-10-25;101.05;101.4;97.65;97.65;94330.0
2017-10-26;100.0;100.75;99.05;100.2;9870.0
2017-10-27;99.7;100.8;99.05;99.95;41330.0
2017-10-30;101.9;102.0;100.15;102.0;46660.0
2017-10-31;102.0;102.0;100.65;101.5;177790.0
2017-11-01;101.1;101.9;100.0;101.1;422590.0
2017-11-02;101.55;103.8;101.05;103.4;129190.0
2017-11-03;103.4;107.8;103.2;107.75;239770.0
2017-11-07;107.8;109.7;106.2;108.3;99030.0
2017-11-08;108.25;124.95;106.6;109.0;429850.0
2017-11-09;113.45;113.45;107.05;108.0;151730.0
2017-11-10;108.4;108.45;105.85;106.0;186810.0
2017-11-13;106.9;107.75;103.5;103.5;293470.0
2017-11-14;104.35;105.95;103.85;105.7;178440.0
2017-11-15;106.4;109.0;105.15;106.35;129920.0
2017-11-16;106.95;109.7;105.75;109.7;137310.0
2017-11-17;109.8;109.8;106.05;106.85;125930.0
2017-11-20;107.3;107.9;106.85;107.2;100420.0
2017-11-21;107.95;107.95;107.0;107.9;104130.0
2017-11-22;107.5;108.95;107.0;107.85;140730.0
2017-11-23;107.25;108.5;106.75;106.95;151690.0
2017-11-24;107.5;107.8;106.7;106.75;213370.0
2017-11-27;106.2;107.0;106.1;106.65;22910.0
2017-11-28;109.9;109.9;106.0;106.8;102510.0
2017-11-29;107.05;107.05;106.55;106.75;118380.0
2017-11-30;106.25;108.8;106.0;108.8;127080.0
2017-12-01;108.65;108.65;106.0;106.0;159440.0
2017-12-04;106.95;107.45;106.0;106.1;26580.0
2017-12-05;106.85;106.95;104.0;104.15;422800.0
2017-12-06;104.4;105.0;102.75;104.0;172220.0
2017-12-07;104.7;105.6;99.4;101.0;368350.0
2017-12-08;104.7;104.7;100.5;101.0;795840.0
2017-12-11;101.55;102.0;100.85;100.85;664830.0
2017-12-12;96.0;96.0;91.1;92.55;2902900.0
2017-12-13;94.3;97.05;90.3;94.7;5469760.0
2017-12-14;92.5;93.8;91.15;92.0;619180.0
2017-12-15;92.4;94.2;92.2;94.1;244720.0
2017-12-18;94.05;94.1;91.2;91.5;287430.0
2017-12-19;91.7;92.35;91.2;91.55;408930.0
2017-12-20;92.3;92.3;89.3;89.7;267170.0
2017-12-21;90.3;90.7;87.0;87.8;168650.0
2017-12-22;89.7;92.2;89.35;91.75;299180.0
2017-12-25;94.85;98.0;94.2;95.95;270170.0
2017-12-26;97.5;97.5;94.85;96.1;160600.0
2017-12-27;95.15;96.25;93.05;94.75;86690.0
2017-12-28;95.0;96.45;94.15;95.9;81720.0
2017-12-29;96.4;96.4;95.1;95.95;105780.0
2018-01-03;96.4;97.55;96.0;97.2;60220.0
2018-01-04;96.6;99.2;96.6;99.2;137510.0
2018-01-05;99.5;100.0;98.1;99.2;134790.0
2018-01-09;99.2;99.7;97.5;98.5;249090.0
2018-01-10;98.5;99.8;97.95;99.25;139680.0
2018-01-11;99.6;101.3;98.75;99.55;380220.0
2018-01-12;100.95;101.0;99.35;99.85;247430.0
2018-01-15;99.9;100.4;98.0;98.0;168210.0
2018-01-16;99.7;100.0;96.35;98.4;356170.0
2018-01-17;98.0;98.95;97.5;98.25;76150.0
2018-01-18;98.55;100.0;95.1;100.0;370290.0
2018-01-19;98.5;98.5;96.8;98.0;190650.0
2018-01-22;97.45;97.95;96.5;97.95;104920.0
2018-01-23;97.75;98.05;96.1;96.1;315550.0
2018-01-24;96.4;96.4;92.4;92.95;544090.0
2018-01-25;93.0;93.65;92.5;92.75;381430.0
2018-01-26;93.15;93.5;92.2;92.6;271310.0
2018-01-29;93.2;93.25;92.3;93.2;89770.0
2018-01-30;93.5;93.5;92.5;92.7;38830.0
2018-01-31;93.15;93.15;92.5;92.5;77170.0
2018-02-01;92.8;92.8;91.2;91.4;468120.0
2018-02-02;91.75;92.9;91.05;92.35;189310.0
2018-02-05;92.6;93.4;91.4;92.25;387460.0
2018-02-06;91.35;92.0;89.25;92.0;319660.0
2018-02-07;91.95;92.85;91.8;92.3;60350.0
2018-02-08;92.4;92.5;91.85;92.05;28030.0
2018-02-09;91.75;91.8;90.0;91.35;253420.0
2018-02-12;91.4;92.0;90.3;90.5;125950.0
2018-02-13;91.25;91.95;90.45;90.7;146330.0
2018-02-14;90.8;90.95;90.0;90.55;59360.0
2018-02-15;91.0;91.0;89.7;90.1;104920.0
2018-02-16;90.05;90.45;89.8;90.1;110240.0
2018-02-19;90.25;90.4;89.85;90.0;88540.0
2018-02-20;89.85;90.1;89.7;89.75;186400.0
2018-02-21;90.15;90.15;89.3;90.1;195350.0
2018-02-22;90.5;90.85;88.65;89.25;349320.0
2018-02-26;90.0;90.0;88.65;89.0;121190.0
2018-02-27;89.0;89.35;88.5;88.5;180750.0
2018-02-28;89.0;91.0;88.6;90.5;666760.0
2018-03-01;90.65;91.0;89.2;89.85;336430.0
2018-03-02;90.0;90.0;88.9;89.6;440870.0
2018-03-05;91.05;92.5;90.2;90.3;619230.0
2018-03-06;91.0;91.0;89.9;90.0;533460.0
2018-03-07;90.0;90.5;89.15;89.85;190710.0
2018-03-09;90.25;90.4;89.8;90.05;95420.0
2018-03-12;90.9;90.9;90.0;90.25;137890.0
2018-03-13;90.6;112.85;90.0;95.0;881100.0
2018-03-14;96.25;98.95;95.6;96.0;903130.0
2018-03-15;96.3;96.9;94.4;95.0;206610.0
2018-03-16;95.15;97.0;94.95;97.0;218690.0
2018-03-19;97.0;97.0;95.5;96.15;73700.0
2018-03-20;96.0;96.6;96.0;96.15;182210.0
2018-03-21;96.45;97.0;96.25;97.0;208510.0
2018-03-22;96.5;98.15;95.9;96.55;255460.0
2018-03-23;96.15;98.1;95.7;97.0;590450.0
2018-03-26;96.25;96.65;95.5;95.75;191310.0
2018-03-27;95.35;96.35;95.2;96.3;95140.0
2018-03-28;96.5;96.5;94.35;96.0;478430.0
2018-03-29;96.0;96.05;94.9;95.95;156980.0
2018-03-30;95.85;96.6;95.45;96.45;25860.0
2018-04-02;95.6;97.0;95.55;96.4;48480.0
2018-04-03;97.0;97.0;95.9;96.05;469450.0
2018-04-04;96.9;96.9;95.35;95.5;59140.0
2018-04-05;95.9;96.0;95.5;95.55;225180.0
2018-04-06;95.95;96.05;94.15;94.15;338450.0
2018-04-09;94.0;94.0;85.0;91.0;1462480.0
2018-04-10;91.0;91.5;89.15;89.45;1483960.0
2018-04-11;90.2;90.4;87.35;89.0;480440.0
2018-04-12;89.6;93.4;89.05;90.45;430930.0
2018-04-13;90.15;90.75;90.0;90.05;2411520.0
2018-04-16;89.9;90.25;88.6;90.0;1389080.0
2018-04-17;90.3;91.8;86.55;88.9;457780.0
2018-04-18;89.15;89.75;88.1;89.05;1760450.0
2018-04-19;89.5;89.7;88.55;88.55;169280.0
2018-04-20;88.9;89.7;88.6;89.7;429040.0
2018-04-23;89.75;90.0;89.45;89.9;750050.0
2018-04-24;89.9;90.2;88.35;89.65;915020.0
2018-04-25;89.0;90.65;89.0;90.25;287800.0
2018-04-26;90.5;92.0;90.45;92.0;978470.0
2018-04-27;93.5;93.85;92.0;93.0;960130.0
2018-04-28;93.9;93.9;92.1;92.95;52580.0
2018-04-30;93.3;93.5;92.85;93.4;54550.0
2018-05-02;92.85;94.0;92.85;93.5;40490.0
2018-05-03;94.35;94.35;93.2;93.5;227510.0
2018-05-04;94.0;95.15;93.65;95.15;236050.0
2018-05-07;95.25;96.1;95.0;95.45;144400.0
2018-05-08;95.25;96.0;94.5;95.95;305990.0
2018-05-10;95.15;96.9;94.95;95.75;98530.0
2018-05-11;95.75;95.75;95.0;95.2;81720.0
2018-05-14;95.5;95.6;94.8;95.15;187000.0
2018-05-15;95.95;96.3;94.35;95.35;367940.0
2018-05-16;95.8;96.0;95.0;95.9;75650.0
2018-05-17;96.2;96.95;95.4;96.25;68990.0
2018-05-18;95.95;96.65;95.85;96.65;385860.0
2018-05-21;96.0;97.3;95.95;96.8;82200.0
2018-05-22;97.2;97.5;96.0;96.9;145100.0
2018-05-23;96.05;97.0;95.4;95.4;242750.0
2018-05-24;95.95;97.3;95.05;96.5;485570.0
2018-05-25;96.55;96.9;96.15;96.5;741120.0
2018-05-28;93.1;93.8;91.5;93.1;447030.0
2018-05-29;93.4;95.6;92.8;95.3;687370.0
2018-05-30;94.5;95.7;93.55;94.8;229590.0
2018-05-31;94.9;95.3;93.8;95.0;682750.0
2018-06-01;94.6;94.7;93.85;93.95;168600.0
2018-06-04;93.95;95.0;93.95;94.9;56260.0
2018-06-05;94.9;95.35;94.0;94.0;60530.0
2018-06-06;93.9;95.3;93.85;94.4;174940.0
2018-06-07;95.0;95.0;94.1;94.15;200900.0
2018-06-08;94.1;94.9;94.0;94.05;82670.0
2018-06-09;93.75;94.85;91.6;94.6;21620.0
2018-06-11;94.5;95.1;94.0;94.4;240970.0
2018-06-13;94.35;94.7;94.15;94.15;131550.0
2018-06-14;94.3;94.5;93.8;94.0;124260.0
2018-06-15;94.0;94.5;93.3;94.5;157830.0
2018-06-18;94.5;94.5;93.0;93.5;176610.0
2018-06-19;93.15;93.8;92.5;93.5;274200.0
2018-06-20;92.7;94.0;92.55;93.6;776890.0
2018-06-21;94.0;94.0;93.3;93.8;365920.0
2018-06-22;93.95;94.0;91.2;92.55;2030870.0
2018-06-25;93.4;93.4;92.25;92.5;74620.0
2018-06-26;92.9;93.5;92.3;92.5;94020.0
2018-06-27;92.4;92.5;91.75;92.0;104140.0
2018-06-28;92.0;92.3;91.55;91.55;122850.0
2018-06-29;92.0;92.4;91.75;92.0;313950.0
2018-07-02;92.0;92.3;90.45;91.1;276270.0
2018-07-03;91.4;93.0;90.65;93.0;118760.0
2018-07-04;91.0;92.0;90.9;90.95;89410.0
2018-07-05;90.75;91.7;90.7;91.0;266980.0
2018-07-06;90.9;91.2;90.8;91.1;189790.0
2018-07-09;91.15;91.65;91.0;91.4;149360.0
2018-07-10;91.4;92.0;91.0;91.35;1655750.0
2018-07-11;91.1;91.85;90.55;91.0;242460.0
2018-07-12;91.0;91.7;90.95;91.7;120820.0
2018-07-13;91.05;91.75;90.35;90.7;131410.0
2018-07-16;90.95;91.6;90.75;91.6;65180.0
2018-07-17;91.0;91.25;90.85;91.05;76910.0
2018-07-18;91.4;91.5;90.55;91.25;151970.0
2018-07-19;90.85;91.0;90.7;90.7;65890.0
2018-07-20;90.75;91.0;90.6;91.0;86710.0
2018-07-23;91.0;91.15;90.75;90.8;57240.0
2018-07-24;91.0;91.0;90.3;90.5;241470.0
2018-07-25;90.2;90.5;89.25;89.5;170350.0
2018-07-26;89.85;90.35;89.65;90.0;262470.0
2018-07-27;90.35;90.35;89.65;89.95;79480.0
2018-07-30;90.1;90.55;89.6;89.8;120810.0
2018-07-31;89.9;90.4;89.75;89.8;218930.0
2018-08-01;89.7;90.35;89.55;89.7;50510.0
2018-08-02;89.85;89.95;88.85;88.85;68880.0
2018-08-03;89.85;89.85;88.0;88.2;71260.0
2018-08-06;88.7;90.0;88.05;89.75;73480.0
2018-08-07;89.55;90.0;89.2;89.9;168840.0
2018-08-08;89.7;89.7;88.4;88.5;91290.0
2018-08-09;88.2;88.3;86.6;87.75;165240.0
2018-08-10;87.7;87.7;86.5;86.9;82350.0
2018-08-13;86.9;87.9;86.45;87.25;53640.0
2018-08-14;87.6;88.15;87.25;88.0;48110.0
2018-08-15;87.25;88.05;86.65;86.85;35370.0
2018-08-16;86.85;87.45;86.55;86.75;50560.0
2018-08-17;86.45;86.55;84.05;84.85;267450.0
2018-08-20;85.2;85.5;84.55;85.1;65910.0
2018-08-21;86.15;88.1;85.8;87.65;331040.0
2018-08-22;88.05;89.9;88.05;89.4;234280.0
2018-08-23;89.3;89.85;87.75;88.5;320500.0
2018-08-24;88.1;89.5;88.05;89.45;263450.0
2018-08-27;89.3;90.5;89.0;89.45;82130.0
2018-08-28;89.35;90.25;89.1;90.0;150240.0
2018-08-29;89.75;90.55;89.45;90.3;189910.0
2018-08-30;90.0;90.75;89.5;90.45;131650.0
2018-08-31;90.45;90.75;89.0;90.0;76090.0
2018-09-03;90.6;91.35;90.0;90.9;108770.0
2018-09-04;91.0;91.65;90.1;90.45;110490.0
2018-09-05;94.0;94.6;91.55;91.95;1110260.0
2018-09-06;91.85;92.8;91.5;91.5;295620.0
2018-09-07;91.9;92.65;91.3;92.65;382310.0
2018-09-10;92.7;93.95;91.15;91.75;518890.0
2018-09-11;91.45;92.8;91.45;92.15;307420.0
2018-09-12;92.95;93.45;92.3;92.8;247860.0
2018-09-13;92.7;93.75;92.15;92.5;83810.0
2018-09-14;92.95;93.1;92.4;92.85;95060.0
2018-09-17;93.1;93.35;92.8;92.8;126440.0
2018-09-18;92.75;93.55;92.6;93.55;496090.0
2018-09-19;93.55;93.8;92.5;93.4;410500.0
2018-09-20;93.35;93.5;92.8;92.9;174110.0
2018-09-21;93.1;95.0;93.0;95.0;905160.0
2018-09-24;94.0;94.0;91.3;93.25;349000.0
2018-09-25;93.5;93.7;93.05;93.35;148070.0
2018-09-26;93.5;93.55;93.05;93.4;145140.0
2018-09-27;93.1;93.5;92.75;92.75;289690.0
2018-09-28;92.8;93.0;91.55;93.0;172020.0
2018-10-01;92.85;93.5;92.5;93.2;75900.0
2018-10-02;93.4;93.4;91.05;91.95;108620.0
2018-10-03;91.6;92.55;91.6;92.0;163880.0
2018-10-04;91.6;92.0;89.5;91.2;192970.0
2018-10-05;91.4;91.4;90.0;90.3;363660.0
2018-10-08;90.9;91.1;90.05;90.6;40330.0
2018-10-09;90.8;92.0;89.9;90.5;200340.0
2018-10-10;90.15;91.25;90.0;91.05;120620.0
2018-10-11;90.45;91.25;88.75;90.25;144060.0
2018-10-12;90.0;92.35;90.0;90.2;191170.0
2018-10-15;90.2;92.3;90.0;90.75;200620.0
2018-10-16;90.8;91.3;90.5;90.8;196490.0
2018-10-17;90.8;91.0;89.45;89.95;537810.0
2018-10-18;90.2;90.2;89.05;89.5;176970.0
2018-10-19;90.0;90.0;88.6;88.65;187660.0
2018-10-22;88.6;89.2;85.55;85.9;158420.0
2018-10-23;85.9;88.2;85.8;86.25;212020.0
2018-10-24;86.3;88.3;85.6;87.0;623900.0
2018-10-25;86.5;87.3;86.15;86.35;54840.0
2018-10-26;86.9;88.45;86.55;87.85;231260.0
2018-10-29;88.6;89.95;87.65;87.65;238480.0
2018-10-30;88.8;88.9;87.3;88.2;220990.0
2018-10-31;88.9;89.85;88.85;89.5;235270.0
2018-11-01;89.5;90.5;89.2;90.38;217570.0
2018-11-02;90.38;90.9;90.0;90.76;296570.0
2018-11-06;90.76;90.94;90.12;90.5;193580.0
2018-11-07;90.68;90.98;89.98;90.3;122250.0
2018-11-08;90.88;91.2;90.18;90.8;401700.0
2018-11-09;90.7;91.12;90.0;90.38;213050.0
2018-11-12;91.0;91.4;89.5;91.0;146880.0
2018-11-13;91.4;111.1;90.0;90.66;337670.0
2018-11-14;90.66;91.0;90.24;90.62;64170.0
2018-11-15;91.68;91.68;90.0;90.32;104250.0
2018-11-16;90.5;90.7;89.9;90.0;93230.0
2018-11-19;90.58;90.86;90.02;90.36;80130.0
2018-11-20;90.36;90.38;89.58;89.98;63230.0
2018-11-21;89.46;89.98;89.12;89.82;146380.0
2018-11-22;89.74;90.6;89.5;89.88;131400.0
2018-11-23;90.64;90.64;89.02;89.34;86360.0
2018-11-26;89.44;90.6;89.12;89.62;125820.0
2018-11-27;89.72;90.18;89.62;89.86;45380.0
2018-11-28;89.7;93.66;89.6;92.52;635570.0
2018-11-29;92.34;93.7;92.04;92.92;389430.0
2018-11-30;93.1;93.5;92.6;93.5;246180.0
2018-12-03;93.16;93.22;92.5;92.92;799270.0
2018-12-04;93.22;93.4;92.64;93.02;530540.0
2018-12-05;92.92;93.28;92.58;92.92;289060.0
2018-12-06;93.2;93.2;92.7;93.1;267220.0
2018-12-07;93.0;93.54;93.0;93.5;1309230.0
2018-12-10;93.48;94.46;93.1;93.4;417330.0
2018-12-11;93.4;93.74;93.02;93.2;268480.0
2018-12-12;93.02;94.5;93.0;93.94;327200.0
2018-12-13;93.7;93.98;92.12;93.84;387330.0
2018-12-14;93.3;93.84;92.9;93.16;205600.0
2018-12-17;92.66;93.5;92.56;92.96;219330.0
2018-12-18;92.74;93.0;92.2;92.6;225100.0
2018-12-19;92.36;93.32;92.36;93.0;414240.0
2018-12-20;92.48;93.08;92.26;92.88;214660.0
2018-12-21;92.88;93.96;92.88;93.7;328340.0
2018-12-24;93.6;95.1;92.74;94.88;788650.0
2018-12-25;91.5;91.68;89.0;89.6;433930.0
2018-12-26;89.98;91.72;89.44;91.04;299560.0
2018-12-27;91.52;91.6;89.82;90.0;285980.0
2018-12-28;89.98;91.0;89.98;90.2;256120.0
2018-12-29;90.58;90.94;90.1;90.44;198950.0
2019-01-03;90.44;91.8;90.22;90.68;140740.0
2019-01-04;90.56;91.5;90.46;90.72;41700.0
2019-01-08;90.5;91.4;90.5;90.7;47870.0
2019-01-09;91.32;91.42;90.72;90.8;208140.0
2019-01-10;91.26;91.46;90.6;90.96;174730.0
2019-01-11;91.2;91.3;90.88;91.18;143780.0
2019-01-14;91.18;91.9;91.12;91.7;268580.0
2019-01-15;91.92;91.96;91.24;91.5;348360.0
2019-01-16;91.22;91.76;91.18;91.5;491040.0
2019-01-17;91.7;92.0;91.32;91.56;436620.0
2019-01-18;91.62;92.5;90.6;91.76;554940.0
2019-01-21;91.98;92.5;91.22;92.26;228220.0
2019-01-22;92.3;93.26;92.1;92.76;225580.0
2019-01-23;92.02;92.86;92.02;92.76;126360.0
2019-01-24;92.8;92.9;92.06;92.6;202900.0
2019-01-25;92.38;92.96;90.48;92.44;660940.0
2019-01-28;92.44;92.82;90.98;91.28;257920.0
2019-01-29;91.68;91.68;90.82;91.2;184620.0
2019-01-30;90.94;91.38;90.74;90.88;262770.0
2019-01-31;90.98;91.0;90.7;90.9;183410.0
2019-02-01;90.8;91.24;89.58;90.9;326330.0
2019-02-04;90.3;91.26;90.3;90.94;99040.0
2019-02-05;90.8;91.5;90.6;90.8;350130.0
2019-02-06;91.0;91.08;90.62;90.76;229350.0
2019-02-07;90.8;90.98;87.5;89.86;534470.0
2019-02-08;89.74;90.48;89.2;89.9;109390.0
2019-02-11;90.2;90.78;89.9;90.7;68170.0
2019-02-12;90.78;90.98;89.62;90.02;498720.0
2019-02-13;90.4;90.78;88.9;89.1;403840.0
2019-02-14;89.98;89.98;86.9;88.9;850770.0
2019-02-15;88.96;89.4;88.58;89.1;136840.0
2019-02-18;89.14;89.14;88.16;88.8;78630.0
2019-02-19;88.82;89.22;88.34;88.68;143170.0
2019-02-20;89.14;89.14;86.64;87.66;597720.0
2019-02-21;87.92;88.0;87.4;87.5;229570.0
2019-02-22;87.5;87.94;87.3;87.4;185260.0
2019-02-25;87.68;88.34;87.36;88.02;119420.0
2019-02-26;88.1;88.3;87.92;87.94;65250.0
2019-02-27;88.26;88.88;87.42;87.68;231090.0
2019-02-28;87.88;88.92;87.52;88.92;213010.0
2019-03-01;90.44;90.44;88.6;88.92;391040.0
2019-03-04;89.8;89.8;87.5;87.58;388330.0
2019-03-05;88.38;89.0;87.62;88.7;442730.0
2019-03-06;88.42;89.0;88.42;88.98;260180.0
2019-03-07;88.9;89.0;88.22;88.36;220760.0
2019-03-11;88.34;90.16;88.34;89.98;438330.0
2019-03-12;90.2;91.0;89.58;90.5;1055360.0
2019-03-13;90.14;90.68;88.92;89.0;521850.0
2019-03-14;89.04;89.6;88.1;88.38;517700.0
2019-03-15;88.4;88.96;88.06;88.12;901330.0
2019-03-18;88.76;90.0;88.1;89.98;610670.0
2019-03-19;90.6;90.6;88.7;89.6;335310.0
2019-03-20;89.14;90.0;89.14;89.24;155970.0
2019-03-21;89.92;89.92;88.72;88.8;287450.0
2019-03-22;89.38;89.8;88.5;88.9;246370.0
2019-03-25;89.46;89.46;88.28;88.44;280500.0
2019-03-26;88.3;89.3;88.0;88.5;191210.0
2019-03-27;88.3;89.0;88.22;88.66;208470.0
2019-03-28;89.06;89.1;88.56;88.78;46430.0
2019-03-29;88.88;88.94;87.5;88.88;173630.0
2019-04-01;90.0;90.0;88.42;88.9;163350.0
2019-04-02;88.84;89.2;88.54;89.0;98160.0
2019-04-03;88.6;89.2;88.6;88.8;70110.0
2019-04-04;89.1;89.1;88.6;88.8;47420.0
2019-04-05;88.62;89.0;88.5;88.84;50980.0
2019-04-08;88.56;89.3;87.98;88.3;155880.0
2019-04-09;88.3;88.7;87.7;87.7;339590.0
2019-04-10;88.18;88.22;87.7;87.86;156330.0
2019-04-11;87.92;88.16;87.6;87.7;366800.0
2019-04-12;87.72;88.2;87.72;87.9;267360.0
2019-04-15;88.0;88.7;87.76;88.3;421760.0
2019-04-16;88.32;89.0;88.02;88.88;470170.0
2019-04-17;88.94;89.54;88.94;89.02;205790.0
2019-04-18;89.4;89.42;88.08;88.1;289350.0
2019-04-19;88.6;89.2;88.14;89.1;247670.0
2019-04-22;89.16;89.48;88.7;89.38;142750.0
2019-04-23;89.4;89.7;88.92;89.36;663540.0
2019-04-24;89.38;89.6;88.74;89.06;120170.0
2019-04-25;89.04;89.3;88.26;88.76;222600.0
2019-04-26;88.88;88.94;88.2;88.4;182140.0
2019-04-29;88.78;89.6;87.72;88.14;665610.0
2019-04-30;88.48;88.58;87.9;88.44;270710.0
2019-05-02;88.16;88.58;88.16;88.24;163300.0
2019-05-03;88.34;88.6;88.26;88.34;105760.0
2019-05-06;88.3;89.6;88.2;88.88;173990.0
2019-05-07;88.94;90.36;88.92;89.72;263180.0
2019-05-08;89.88;90.18;88.5;88.92;445950.0
2019-05-10;89.22;89.22;88.42;88.86;90120.0
2019-05-13;88.9;89.36;88.42;89.12;163530.0
2019-05-14;89.32;89.36;88.6;88.88;214610.0
2019-05-15;89.22;89.56;88.72;89.42;276030.0
2019-05-16;89.46;90.2;89.4;89.88;165330.0
2019-05-17;89.84;90.1;89.42;89.8;96800.0
2019-05-20;90.1;90.3;89.76;89.86;380880.0
2019-05-21;90.06;90.28;89.9;89.96;436220.0
2019-05-22;90.18;90.18;89.22;89.68;767070.0
2019-05-23;89.66;90.18;89.4;89.8;1074940.0
2019-05-24;86.5;86.6;85.52;85.58;1827250.0
2019-05-27;85.8;85.98;85.04;85.2;448350.0
2019-05-28;85.24;85.74;85.02;85.74;590700.0
2019-05-29;85.68;85.68;85.08;85.32;380760.0
2019-05-30;85.5;85.5;85.0;85.3;607350.0
2019-05-31;85.4;85.46;84.6;84.7;487730.0
2019-06-03;84.62;84.96;84.16;84.66;390850.0
2019-06-04;84.72;85.96;84.56;85.5;321030.0
2019-06-05;85.56;85.94;85.2;85.2;216690.0
2019-06-06;85.68;85.7;85.14;85.7;266450.0
2019-06-07;85.7;85.7;85.32;85.48;411980.0
2019-06-10;85.48;85.64;85.12;85.26;232440.0
2019-06-11;85.48;85.64;85.1;85.32;360030.0
2019-06-13;85.6;85.62;85.16;85.2;175770.0
2019-06-14;85.5;85.5;84.86;84.96;243010.0
2019-06-17;85.24;85.34;84.52;84.74;290800.0
2019-06-18;84.76;85.12;84.6;84.76;377460.0
2019-06-19;84.94;86.74;84.82;86.06;699950.0
2019-06-20;86.12;87.28;86.1;86.38;654560.0
2019-06-21;86.52;87.0;86.0;87.0;445480.0
2019-06-24;86.7;86.9;86.2;86.62;473190.0
2019-06-25;86.5;86.5;85.66;85.98;304130.0
2019-06-26;86.0;86.28;85.68;85.8;343750.0
2019-06-27;86.14;86.48;85.74;85.8;215070.0
2019-06-28;85.7;86.2;85.6;85.8;329200.0
2019-07-01;85.8;85.9;84.8;85.44;1182360.0
2019-07-02;85.42;85.98;85.16;85.64;393870.0
2019-07-03;85.64;86.3;85.32;85.9;626300.0
2019-07-04;85.8;87.2;85.8;86.72;839490.0
2019-07-05;86.72;87.12;86.02;86.72;603550.0
2019-07-08;87.16;87.2;86.58;87.02;581390.0
2019-07-09;87.02;87.9;86.8;86.8;574340.0
2019-07-10;87.1;88.4;86.68;87.86;597070.0
2019-07-11;87.88;88.48;87.52;87.54;444700.0
2019-07-12;87.54;88.08;86.9;87.8;221280.0
2019-07-15;87.86;88.42;87.58;87.9;436950.0
2019-07-16;88.0;89.16;88.0;88.96;770590.0
2019-07-17;88.66;89.5;88.54;89.32;282480.0
2019-07-18;89.32;90.84;89.24;90.74;729180.0
2019-07-19;90.8;92.38;90.3;90.8;863580.0
2019-07-22;91.5;91.5;89.8;90.52;425910.0
2019-07-23;90.02;90.5;89.84;90.5;409390.0
2019-07-24;90.32;90.5;89.54;89.8;312520.0
2019-07-25;89.54;89.8;89.02;89.48;524580.0
2019-07-26;89.48;89.88;88.94;89.5;474300.0
2019-07-29;89.98;90.2;89.52;89.7;253510.0
2019-07-30;89.94;89.94;88.36;88.56;339920.0
2019-07-31;88.2;89.68;88.2;89.68;543170.0
2019-08-01;89.36;90.2;88.88;90.0;470340.0
2019-08-02;89.0;89.66;88.36;88.84;348870.0
2019-08-05;88.8;89.48;88.2;89.02;382200.0
2019-08-06;89.24;90.0;88.46;89.26;366670.0
2019-08-07;89.28;89.74;88.82;89.74;168100.0
2019-08-08;89.54;90.48;89.0;89.78;531950.0
2019-08-09;89.94;90.5;89.5;90.24;155530.0
2019-08-12;90.24;90.8;89.62;89.76;120110.0
2019-08-13;90.02;90.02;88.8;89.08;385620.0
2019-08-14;89.64;89.88;88.34;88.7;379970.0
2019-08-15;88.7;89.16;86.08;87.0;705420.0
2019-08-16;87.0;88.08;87.0;87.4;165020.0
2019-08-19;87.98;87.98;86.56;87.14;355040.0
2019-08-20;87.44;87.86;87.02;87.4;271620.0
2019-08-21;87.48;87.98;87.22;87.88;696540.0
2019-08-22;88.06;89.5;87.98;89.3;356570.0
2019-08-23;89.5;89.5;88.04;88.7;302020.0
2019-08-26;89.14;90.4;89.1;89.5;584380.0
2019-08-27;90.02;90.38;89.3;89.76;719530.0
2019-08-28;90.02;90.34;89.8;90.02;340540.0
2019-08-29;90.22;91.0;88.38;90.7;488080.0
2019-08-30;90.7;90.7;89.8;90.2;265970.0
2019-09-02;90.48;90.72;90.04;90.5;193100.0
2019-09-03;90.52;90.72;89.54;89.6;369190.0
2019-09-04;90.1;90.8;90.04;90.4;260550.0
2019-09-05;90.4;90.9;90.2;90.48;299470.0
2019-09-06;90.5;90.8;90.02;90.5;208310.0
2019-09-09;90.66;90.9;90.08;90.34;155460.0
2019-09-10;90.54;90.7;89.98;90.4;213240.0
2019-09-11;90.1;90.6;89.98;90.1;342480.0
2019-09-12;90.12;90.48;89.8;90.48;395810.0
2019-09-13;90.6;91.0;90.0;90.88;580560.0
2019-09-16;90.9;91.48;90.0;90.2;439340.0
2019-09-17;90.48;90.5;90.0;90.26;616140.0
2019-09-18;90.26;90.48;89.82;90.28;219290.0
2019-09-19;90.3;90.36;88.54;90.0;331830.0
2019-09-20;89.98;90.2;89.5;90.2;99180.0
2019-09-23;90.0;90.38;89.76;90.3;168180.0
2019-09-24;90.1;90.3;89.72;89.72;88740.0
2019-09-25;90.0;90.2;89.4;89.94;248930.0
2019-09-26;90.1;90.16;89.5;90.02;157850.0
2019-09-27;89.88;90.18;89.64;89.68;141940.0
2019-09-30;89.68;90.0;88.78;88.92;166580.0
2019-10-01;88.98;89.38;88.86;89.38;185920.0
2019-10-02;89.82;89.88;89.14;89.64;266360.0
2019-10-03;89.16;90.0;89.16;89.6;318650.0
2019-10-04;89.4;89.88;89.4;89.6;216200.0
2019-10-07;89.32;90.0;89.32;89.66;368730.0
2019-10-08;89.68;90.3;89.24;90.26;280810.0
2019-10-09;90.28;90.38;89.9;90.16;110040.0
2019-10-10;90.0;90.38;89.72;90.08;100690.0
2019-10-11;90.08;90.08;89.62;89.8;189660.0
2019-10-14;89.78;90.56;89.56;90.52;272660.0
2019-10-15;90.6;91.22;89.16;91.22;823170.0
2019-10-16;92.42;94.48;92.0;93.96;1766300.0
2019-10-17;94.24;94.5;93.6;94.3;605880.0
2019-10-18;94.48;94.58;93.62;93.94;305260.0
2019-10-21;94.48;94.48;93.7;94.26;374980.0
2019-10-22;93.9;95.2;93.9;95.0;575990.0
2019-10-23;95.36;96.0;94.5;96.0;604110.0
2019-10-24;96.54;96.54;95.34;95.98;244740.0
2019-10-25;96.0;96.0;93.58;95.24;460040.0
2019-10-28;95.26;95.96;95.1;95.86;135740.0
2019-10-29;95.12;97.74;95.12;97.2;614460.0
2019-10-30;97.4;97.74;96.22;96.96;312260.0
2019-10-31;97.0;97.5;95.84;95.9;212600.0
2019-11-01;96.2;97.0;96.1;96.96;332930.0
2019-11-05;97.3;98.92;95.82;97.1;1745440.0
2019-11-06;97.3;97.96;96.52;97.76;803700.0
2019-11-07;98.5;98.76;97.9;98.26;785360.0
2019-11-08;98.42;99.38;98.26;99.28;925960.0
2019-11-11;98.9;100.38;98.88;99.38;644780.0
2019-11-12;99.76;100.4;99.44;99.74;964310.0
2019-11-13;99.48;100.34;98.2;98.5;1756810.0
2019-11-14;99.0;99.2;96.18;96.3;1846190.0
2019-11-15;97.26;99.32;96.56;96.56;1362470.0
2019-11-18;96.68;96.7;92.02;93.46;6231950.0
2019-11-19;93.56;96.8;93.2;95.6;2460200.0
2019-11-20;96.0;97.0;95.2;95.2;1002840.0
2019-11-21;95.2;95.94;93.0;93.0;2125460.0
2019-11-22;92.5;93.96;91.8;93.6;16635140.0
2019-11-25;93.6;94.96;93.6;94.36;4834810.0
2019-11-26;94.8;95.24;93.92;94.26;5484280.0
2019-11-27;94.4;94.7;93.4;93.6;2674710.0
2019-11-28;93.6;94.1;93.12;93.72;1925750.0
2019-11-29;94.02;94.78;93.76;94.62;2328460.0
2019-12-02;94.86;96.8;94.8;94.82;2516100.0
2019-12-03;95.16;95.78;94.22;95.0;1946690.0
2019-12-04;95.0;95.66;94.94;95.3;1351750.0
2019-12-05;95.66;95.9;95.3;95.7;1402790.0
2019-12-06;95.7;98.28;95.7;97.56;3287150.0
2019-12-09;98.14;98.8;97.58;98.0;2651960.0
2019-12-10;98.0;98.22;95.74;97.48;2402480.0
2019-12-11;97.54;98.2;97.44;97.96;3944950.0
2019-12-12;98.08;98.52;97.5;98.5;4624100.0
2019-12-13;98.5;99.0;98.2;98.74;6240160.0
2019-12-16;94.38;94.94;93.74;94.5;7287100.0
2019-12-17;94.28;96.9;94.28;96.9;4670850.0
2019-12-18;96.98;99.8;96.04;99.28;7132670.0
2019-12-19;99.6;100.0;98.1;99.5;4039500.0
2019-12-20;99.54;99.54;97.6;98.2;1615010.0
2019-12-23;98.2;99.38;96.44;97.68;1428430.0
2019-12-24;97.42;99.3;97.42;99.0;2109800.0
2019-12-25;99.08;99.44;98.64;98.92;393400.0
2019-12-26;99.0;99.38;98.06;99.1;691570.0
2019-12-27;99.02;100.2;98.86;100.0;1742710.0
2019-12-30;100.18;102.0;99.84;100.0;1423800.0
2020-01-03;100.08;102.76;100.08;101.5;957550.0
2020-01-06;101.6;103.44;100.72;102.36;1239520.0
2020-01-08;102.38;103.0;98.7;102.5;1170220.0
2020-01-09;102.5;104.0;101.5;103.92;1386340.0
2020-01-10;103.5;106.0;103.5;105.56;1373120.0
2020-01-13;106.0;107.64;105.68;107.4;2116380.0
2020-01-14;107.42;108.52;105.52;107.06;1877240.0
2020-01-15;107.72;107.98;103.48;105.24;2746310.0
2020-01-16;105.3;109.9;105.3;109.1;3441470.0
2020-01-17;109.4;117.52;109.0;117.2;9996930.0
2020-01-20;117.66;118.5;113.7;115.2;4625020.0
2020-01-21;115.0;116.38;114.4;115.8;1700950.0
2020-01-22;116.1;119.84;116.08;117.6;4168050.0
2020-01-23;117.0;118.98;115.5;117.32;3082230.0
2020-01-24;118.5;119.88;114.0;116.72;2917750.0
2020-01-27;116.0;117.5;112.88;116.0;4191710.0
2020-01-28;116.0;117.0;115.62;116.0;1557940.0
2020-01-29;116.12;119.2;116.12;118.3;1414160.0
2020-01-30;117.9;118.8;116.02;116.02;1557430.0
2020-01-31;116.36;117.48;114.7;115.04;1339860.0
2020-02-03;114.5;116.92;113.4;116.0;1688630.0
2020-02-04;116.0;117.7;116.0;116.4;858030.0
2020-02-05;116.9;116.96;115.66;116.0;1588870.0
2020-02-06;116.7;116.9;115.0;115.66;1944360.0
2020-02-07;116.0;116.0;113.6;114.0;1814720.0
2020-02-10;114.68;115.98;113.86;115.5;1532910.0
2020-02-11;115.82;116.0;114.88;115.64;623070.0
2020-02-12;116.0;116.9;115.18;116.9;1291080.0
2020-02-13;116.76;116.98;115.64;116.56;1222730.0
2020-02-14;116.76;119.02;116.0;118.0;1910760.0
2020-02-17;118.42;118.92;117.44;118.54;952930.0
2020-02-18;118.5;119.02;117.9;118.48;561280.0
2020-02-19;118.48;119.5;118.1;118.82;602380.0
2020-02-20;118.66;120.56;118.4;119.14;1102450.0
2020-02-21;119.2;119.8;117.74;119.0;598410.0
2020-02-25;118.0;119.96;89.08;117.92;3363150.0
2020-02-26;116.2;118.2;113.7;115.8;2284400.0
2020-02-27;115.64;115.64;112.0;112.44;1756110.0
2020-02-28;109.52;111.8;102.2;111.8;4095900.0
2020-03-02;114.06;118.9;109.38;112.5;4622410.0
2020-03-03;115.2;117.0;110.22;112.6;2805440.0
2020-03-04;111.6;113.26;107.12;109.16;3663240.0
2020-03-05;110.16;113.62;109.06;111.54;3420940.0
2020-03-06;110.4;110.46;104.7;105.28;4697380.0
2020-03-10;99.16;108.82;96.0;102.58;3332730.0
2020-03-11;104.04;106.12;100.14;100.14;3108010.0
2020-03-12;97.0;99.5;88.18;91.98;6578330.0
2020-03-13;91.3;98.2;90.1;95.48;5526070.0
2020-03-16;96.98;96.98;82.0;84.4;7509150.0
2020-03-17;84.5;87.28;75.68;78.0;6811040.0
2020-03-18;77.02;77.1;70.52;74.72;4975980.0
2020-03-19;74.0;88.9;72.0;85.6;8091990.0
2020-03-20;87.0;94.5;85.6;89.0;9003790.0
2020-03-23;88.0;88.96;83.04;84.5;3439290.0
2020-03-24;88.98;89.5;86.0;87.7;3028370.0
2020-03-25;89.0;95.52;88.4;91.08;4486030.0
2020-03-26;90.5;92.8;85.04;89.0;4459730.0
2020-03-27;90.0;91.46;87.12;88.5;2254780.0
2020-03-30;85.5;90.5;83.74;89.64;4315240.0
2020-03-31;90.02;93.48;89.7;91.02;4181180.0
2020-04-01;88.1;91.72;86.54;90.12;2375510.0
2020-04-02;91.2;92.38;89.16;90.62;2144250.0
2020-04-03;91.28;94.8;90.62;94.42;1780740.0
2020-04-06;95.04;99.5;94.56;97.8;3366160.0
2020-04-07;98.84;100.5;97.18;98.12;2923550.0
2020-04-08;98.46;100.0;97.58;100.0;1153400.0
2020-04-09;100.2;102.84;98.56;101.46;2147430.0
2020-04-10;101.46;101.62;98.52;100.36;1156450.0
2020-04-13;100.26;100.26;98.08;98.1;659010.0
2020-04-14;98.38;100.74;98.38;100.5;1233720.0
2020-04-15;101.0;101.04;95.14;95.46;3193980.0
2020-04-16;95.94;96.92;92.6;93.0;4065870.0
2020-04-17;94.58;94.9;90.74;91.3;4612070.0
2020-04-20;91.92;93.48;89.0;90.02;3770410.0
2020-04-21;89.2;90.5;87.0;88.0;3749580.0
2020-04-22;87.18;90.3;87.06;87.12;4107030.0
2020-04-23;87.62;88.96;87.0;88.1;5281450.0
2020-04-24;88.28;89.04;86.08;86.82;2777460.0
2020-04-27;88.0;88.14;86.82;87.04;2064900.0
2020-04-28;87.48;89.76;87.02;88.98;4496590.0
2020-04-29;89.28;92.6;89.04;91.24;3845410.0
2020-04-30;91.32;92.92;86.8;87.8;9045960.0
2020-05-04;87.5;87.5;85.64;86.5;1909850.0
2020-05-05;86.98;88.0;86.7;87.22;2341210.0
2020-05-06;87.3;87.56;86.08;86.6;2955010.0
2020-05-07;86.84;86.84;86.16;86.2;1988920.0
2020-05-08;86.5;86.5;85.8;86.04;930820.0
2020-05-12;86.64;86.64;85.2;86.1;1624910.0
2020-05-13;86.0;86.36;85.4;85.9;1711540.0
2020-05-14;85.9;85.9;83.0;83.7;3330730.0
2020-05-15;84.2;84.7;83.88;84.2;1405920.0
2020-05-18;84.64;86.6;84.54;86.54;1635680.0
2020-05-19;86.86;87.26;85.68;86.94;3010370.0
2020-05-20;86.6;95.2;86.2;95.1;14633780.0
2020-05-21;95.7;99.8;93.4;94.88;6467510.0
2020-05-22;94.8;96.7;92.9;96.12;2675360.0
2020-05-25;96.2;97.1;95.16;95.96;1350390.0
2020-05-26;96.04;99.38;95.48;97.8;2821030.0
2020-05-27;97.78;98.42;95.64;96.0;1946610.0
2020-05-28;96.76;97.98;96.2;97.98;1832670.0
2020-05-29;97.72;99.02;96.42;99.02;2948430.0
2020-06-01;99.5;99.9;97.52;99.04;2261340.0
2020-06-02;99.42;99.42;97.24;98.06;3317210.0
2020-06-03;98.92;101.36;98.14;100.04;3739690.0
2020-06-04;100.48;102.12;98.9;101.2;2586590.0
2020-06-05;101.98;102.0;100.0;100.94;2994930.0
2020-06-08;101.34;102.16;97.0;98.0;6718790.0
2020-06-09;98.48;99.5;97.24;98.5;3567740.0
2020-06-10;98.82;99.2;96.16;98.52;2768720.0
2020-06-11;97.12;99.34;96.86;97.9;2718820.0
2020-06-15;97.0;99.36;96.92;98.1;4890700.0
2020-06-16;99.0;100.8;95.9;96.8;11201800.0
2020-06-17;97.2;100.3;97.16;97.4;27520730.0
2020-06-18;97.8;99.5;97.02;99.24;6336200.0
2020-06-19;99.0;105.2;99.0;103.48;15268890.0
2020-06-22;103.48;103.84;101.98;102.6;3749200.0
2020-06-23;103.0;103.26;101.08;101.84;3918780.0
2020-06-25;102.54;102.54;99.0;101.1;3254110.0
2020-06-26;102.2;102.2;100.3;101.3;1768560.0
2020-06-29;101.7;101.7;99.8;100.54;2012010.0
2020-06-30;100.02;101.8;100.02;100.6;4119690.0
2020-07-02;101.6;102.92;100.74;102.1;4898250.0
2020-07-03;101.94;104.44;101.92;103.5;1847370.0
2020-07-06;103.74;107.36;103.6;106.78;3443350.0
2020-07-07;107.48;107.8;104.66;106.1;2000060.0
2020-07-08;106.24;106.94;106.0;106.3;2722820.0
2020-07-09;104.12;105.3;103.54;105.3;1782810.0
2020-07-10;105.28;107.16;104.4;106.8;1760070.0
2020-07-13;107.0;110.0;107.0;108.86;3171720.0
2020-07-14;107.82;108.8;105.76;106.8;2058300.0
2020-07-15;106.22;109.02;106.22;108.54;1229380.0
2020-07-16;108.0;110.5;108.0;110.2;3716540.0
2020-07-17;110.7;113.78;110.16;112.54;2729060.0
2020-07-20;112.54;114.6;110.78;112.76;2495470.0
2020-07-21;114.96;118.52;112.76;115.28;5113790.0
2020-07-22;115.88;117.98;115.46;116.4;1918300.0
2020-07-23;116.4;117.98;115.24;116.78;3516870.0
2020-07-24;115.84;118.72;113.28;115.1;4125720.0
2020-07-27;115.16;115.98;113.54;115.04;2226030.0
2020-07-28;115.54;116.92;114.54;115.4;2113730.0
2020-07-29;115.2;116.4;114.92;115.4;1059190.0
2020-07-30;116.0;116.3;114.28;115.62;2045340.0
2020-07-31;115.62;117.5;115.12;116.9;3070740.0
2020-08-03;116.3;118.5;116.24;118.12;2225970.0
2020-08-04;118.54;120.34;117.66;119.4;3290430.0
2020-08-05;120.0;123.88;119.82;121.58;3784030.0
2020-08-06;122.0;122.46;118.72;121.44;2572460.0
2020-08-07;119.74;120.76;119.0;120.12;1044520.0
2020-08-10;120.26;120.86;117.56;119.18;1997640.0
2020-08-11;119.28;121.78;118.16;120.0;1721770.0
2020-08-12;119.62;122.4;119.62;120.96;1892900.0
2020-08-13;120.42;122.36;118.24;121.58;1591400.0
2020-08-14;121.8;123.58;118.92;121.48;2069150.0
2020-08-17;121.82;122.16;118.24;120.3;2157630.0
2020-08-18;120.28;121.18;118.7;119.96;3306430.0
2020-08-19;120.1;121.92;120.02;120.32;2175910.0
2020-08-20;120.9;120.9;118.32;119.44;1974180.0
2020-08-21;119.98;121.3;118.8;120.36;1693370.0
2020-08-24;121.3;123.54;120.5;123.5;2277630.0
2020-08-25;124.18;126.24;119.74;122.0;4301860.0
2020-08-26;121.3;124.9;120.4;123.1;2513480.0
2020-08-27;122.9;125.4;122.62;125.12;2604010.0
2020-08-28;124.82;125.2;118.26;120.5;4656130.0
2020-08-31;120.7;120.7;114.32;116.76;6932610.0
2020-09-01;116.98;119.5;110.12;113.8;8413870.0
2020-09-02;112.0;113.48;110.7;112.8;32354720.0
2020-09-03;112.68;114.0;110.3;110.94;11104550.0
2020-09-04;110.5;111.18;109.06;110.46;6865710.0
2020-09-07;110.48;112.0;109.98;111.36;11754410.0
2020-09-08;111.36;111.98;109.2;110.6;4997360.0
2020-09-09;110.48;112.26;109.6;112.0;8213800.0
2020-09-10;112.04;113.46;110.84;111.5;3788690.0
2020-09-11;111.9;112.88;110.0;111.98;2743470.0
2020-09-14;112.4;113.0;111.6;112.16;3209520.0
2020-09-15;113.0;113.0;111.66;112.5;4997380.0
2020-09-16;112.78;115.4;111.94;114.48;5904980.0
2020-09-17;114.14;115.5;113.04;114.86;5724800.0
2020-09-18;115.0;115.0;113.22;114.1;8932070.0
2020-09-21;114.32;114.88;111.78;112.94;2783370.0
2020-09-22;113.16;114.5;112.86;113.94;2337070.0
2020-09-23;114.2;114.7;113.2;113.86;4691410.0
2020-09-24;114.0;114.98;113.3;114.82;2492570.0
2020-09-25;115.22;117.48;114.06;116.8;12614630.0
2020-09-28;114.64;118.0;113.2;117.18;7899090.0
2020-09-29;117.48;117.52;114.4;115.8;4898490.0
2020-09-30;116.5;117.9;115.92;117.06;3281500.0
2020-10-01;117.84;119.54;117.08;118.6;4634710.0
2020-10-02;117.5;120.0;117.4;119.48;4573500.0
2020-10-05;119.94;121.16;118.14;119.34;2954800.0
2020-10-06;119.3;120.6;117.64;118.2;1819070.0
2020-10-07;119.0;120.0;117.62;118.1;2777750.0
2020-10-08;118.02;120.84;118.02;119.3;3533650.0
2020-10-09;119.0;119.42;115.6;117.02;3112970.0
2020-10-12;116.2;119.24;116.2;118.26;1002100.0
2020-10-13;118.56;119.2;118.28;118.9;1641980.0
2020-10-14;121.0;121.0;118.4;119.18;2646800.0
2020-10-15;119.48;120.34;118.3;118.9;1633550.0
2020-10-16;119.68;119.68;114.64;115.76;3744940.0
2020-10-19;115.64;116.36;113.1;114.14;2707260.0
2020-10-20;113.86;117.26;113.72;115.94;1774720.0
2020-10-21;116.3;116.46;113.7;114.88;1675100.0
2020-10-22;114.84;115.9;114.26;115.0;1275070.0
2020-10-23;115.16;115.88;114.76;115.5;1000160.0
2020-10-26;115.02;117.0;114.14;115.0;1909600.0
2020-10-27;115.4;115.62;114.06;114.5;950870.0
2020-10-28;114.68;114.7;109.56;112.04;3900430.0
2020-10-29;112.18;114.2;109.4;111.0;2789260.0
2020-10-30;111.04;111.04;108.1;109.74;1932920.0
2020-11-02;111.0;113.28;109.52;112.5;3141740.0
2020-11-03;112.98;113.9;112.08;112.86;2633510.0
2020-11-05;114.0;117.6;113.0;116.18;3038510.0
2020-11-06;116.18;118.94;115.04;118.0;3724150.0
2020-11-09;119.0;119.48;116.0;117.28;4164650.0
2020-11-10;117.0;118.9;116.66;117.6;2305020.0
2020-11-11;117.98;118.5;115.04;116.14;2380610.0
2020-11-12;117.0;117.98;115.8;116.32;2464370.0
2020-11-13;116.2;118.4;116.2;118.3;2993680.0
2020-11-16;118.58;121.0;118.56;120.78;4084590.0
2020-11-17;121.0;122.9;119.68;120.6;2316560.0
2020-11-18;119.7;125.0;119.7;124.44;3858810.0
2020-11-19;123.52;125.82;122.04;123.1;2593490.0
2020-11-20;123.1;128.0;123.1;126.52;5580990.0
2020-11-23;127.5;129.5;126.1;129.0;3488720.0
2020-11-24;129.4;130.38;125.48;127.92;4605960.0
2020-11-25;127.16;128.22;122.6;124.96;4894980.0
2020-11-26;124.1;127.0;122.8;126.06;3663040.0
2020-11-27;126.3;127.12;125.02;126.48;3841850.0
2020-11-30;126.62;151.42;125.68;143.6;60790750.0
2020-12-01;141.0;146.62;140.3;141.3;12148730.0
2020-12-02;141.96;142.54;134.8;137.6;12724830.0
2020-12-03;137.98;139.94;136.18;138.14;16179130.0
2020-12-04;137.84;140.8;136.72;139.9;11467520.0
2020-12-07;139.2;144.4;139.2;143.2;9362940.0
2020-12-08;143.5;145.3;141.58;143.26;9156160.0
2020-12-09;143.84;143.84;137.02;140.3;20446320.0
2020-12-10;140.0;142.56;135.46;138.98;12720060.0
2020-12-11;141.5;149.86;141.5;146.0;30500040.0
2020-12-14;146.62;150.32;141.54;149.3;12000770.0
2020-12-15;146.1;151.48;142.04;145.5;19327350.0
2020-12-16;144.48;149.0;141.7;143.4;10172290.0
2020-12-17;143.1;146.12;140.0;142.02;9032910.0
2020-12-18;141.0;141.0;134.24;136.98;10335670.0
2020-12-21;135.0;137.5;134.44;136.0;6343880.0
2020-12-22;135.26;139.0;134.8;138.78;5136980.0
2020-12-23;138.0;144.3;137.64;143.5;7082380.0
2020-12-24;143.72;145.7;143.6;144.58;6424980.0
2020-12-25;139.52;142.96;139.1;140.48;5122600.0
2020-12-28;139.54;142.0;139.02;139.68;3133970.0
2020-12-29;139.06;139.88;134.8;136.46;6658700.0
2020-12-30;136.3;137.0;135.02;136.2;1692610.0
2021-01-04;135.7;137.76;135.7;137.12;2430740.0
2021-01-05;136.9;138.5;135.7;136.96;3433380.0
2021-01-06;136.5;137.76;135.2;135.54;2348460.0
2021-01-08;136.48;136.6;132.52;134.1;5376110.0
2021-01-11;134.08;134.7;133.18;133.6;3401750.0
2021-01-12;133.98;133.98;131.0;132.18;3784210.0
2021-01-13;131.82;132.24;130.18;131.14;2201620.0
2021-01-14;131.52;131.52;130.42;131.44;2227890.0
2021-01-15;131.48;131.5;130.06;130.72;2382440.0
2021-01-18;130.92;133.8;130.08;132.92;4283760.0
2021-01-19;133.04;134.5;131.64;134.02;4083120.0
2021-01-20;135.1;138.22;134.26;137.98;6494730.0
2021-01-21;137.12;141.96;136.26;140.5;12525660.0
2021-01-22;140.98;143.0;139.56;141.54;7546160.0
2021-01-25;142.0;142.88;139.8;141.86;4672140.0
2021-01-26;141.9;143.44;141.18;142.78;4176550.0
2021-01-27;143.12;143.5;138.52;139.88;2919890.0
2021-01-28;139.86;142.5;137.64;140.92;5574450.0
2021-01-29;140.72;143.5;139.8;141.24;3947120.0
2021-02-01;142.48;143.9;138.24;140.0;5697630.0
2021-02-02;139.16;142.2;139.16;140.56;1656690.0
2021-02-03;140.98;141.4;139.62;140.4;1119320.0
2021-02-04;140.4;141.0;140.14;140.82;1078180.0
2021-02-05;140.62;141.38;140.02;140.78;1074690.0
2021-02-08;140.72;142.0;140.36;141.88;957450.0
2021-02-09;142.0;143.0;140.48;142.66;1800960.0
2021-02-10;142.6;147.48;142.38;145.26;4928110.0
2021-02-11;145.0;146.48;142.4;142.92;2328290.0
2021-02-12;143.0;144.4;141.96;143.94;1504770.0
2021-02-15;144.2;144.98;143.54;144.8;1392680.0
2021-02-16;145.0;145.0;143.54;143.84;1606040.0
2021-02-17;143.64;145.4;143.02;144.68;1230500.0
2021-02-18;144.88;144.88;141.28;143.52;2110780.0
2021-02-19;142.16;145.26;141.76;145.0;1793650.0
2021-02-20;145.0;145.0;143.54;144.7;308920.0
2021-02-22;145.0;145.98;142.12;143.68;1244810.0
2021-02-24;143.98;143.98;138.2;140.42;2503180.0
2021-02-25;140.4;142.3;139.22;140.34;1398290.0
2021-02-26;139.5;142.5;139.5;141.92;2646190.0
2021-03-01;143.84;144.74;142.04;143.42;2262330.0
2021-03-02;143.2;144.74;140.96;143.32;2049350.0
2021-03-03;143.0;145.5;143.0;144.64;1977060.0
2021-03-04;145.0;145.4;141.36;141.46;2420570.0
2021-03-05;142.14;142.86;139.3;142.2;2598410.0
2021-03-09;142.02;142.78;134.32;137.58;7616590.0
2021-03-10;136.76;141.5;136.16;139.4;3702710.0
2021-03-11;139.9;141.28;139.0;140.0;2025170.0
2021-03-12;139.88;140.4;136.62;139.5;2321220.0
2021-03-15;138.52;139.76;135.88;137.56;4292440.0
2021-03-16;137.62;137.7;135.7;136.74;2781390.0
2021-03-17;136.0;136.62;133.62;135.32;6339730.0
2021-03-18;134.44;136.26;133.5;134.5;5279540.0
2021-03-19;135.0;137.0;134.12;136.12;3294500.0
2021-03-22;135.14;138.56;135.14;137.68;3580710.0
2021-03-23;138.0;138.1;135.54;136.2;1985150.0
2021-03-24;136.76;138.06;136.0;137.1;1609850.0
2021-03-25;136.42;139.36;135.5;138.2;3210600.0
2021-03-26;138.44;138.98;135.7;138.0;1675030.0
2021-03-29;137.8;138.44;136.8;137.9;1754550.0
2021-03-30;137.9;140.98;137.58;140.04;1932510.0
2021-03-31;139.78;144.32;139.16;142.3;2997490.0
2021-04-01;143.5;144.02;141.0;142.7;1949790.0
2021-04-02;142.22;142.66;140.16;141.2;813680.0
2021-04-05;141.18;141.18;138.42;139.38;1808290.0
2021-04-06;138.72;145.0;138.72;142.54;3466680.0
2021-04-07;142.7;144.14;142.04;143.5;2604660.0
2021-04-08;144.0;147.3;142.64;145.74;2513140.0
2021-04-09;146.04;146.06;143.5;144.74;1731100.0
2021-04-12;144.76;149.56;144.76;148.94;2446040.0
2021-04-13;149.8;151.3;147.66;150.3;3071670.0
2021-04-14;150.76;153.96;150.52;153.32;2972830.0
2021-04-15;155.92;156.96;151.06;154.04;4830990.0
2021-04-16;154.0;155.32;152.52;154.26;2435930.0
2021-04-19;156.38;156.8;151.68;152.76;3330600.0
2021-04-20;153.88;155.08;151.12;154.52;2544570.0
2021-04-21;155.0;155.8;150.7;153.66;4541250.0
2021-04-22;153.66;153.66;150.9;151.02;3791280.0
2021-04-23;151.54;151.96;150.3;151.72;1876380.0
2021-04-26;151.42;157.2;151.42;156.18;4498490.0
2021-04-27;156.98;161.32;156.42;160.78;3772630.0
2021-04-28;160.7;161.96;150.8;154.0;3763310.0
2021-04-29;155.54;158.38;147.7;150.94;4110600.0
2021-04-30;150.52;151.78;148.7;149.78;1772690.0
2021-05-04;149.66;151.26;149.26;150.8;1871020.0
2021-05-05;151.94;153.4;150.26;153.2;3990410.0
2021-05-06;153.5;156.2;152.68;155.52;2342210.0
2021-05-07;155.92;156.42;153.62;154.22;1747820.0
2021-05-10;154.22;156.82;153.56;155.9;862130.0
2021-05-11;155.9;155.9;149.02;151.46;4088400.0
2021-05-12;151.3;152.72;149.26;150.62;2132720.0
2021-05-13;150.6;151.68;149.96;150.62;1347030.0
2021-05-14;151.26;151.82;150.1;151.0;1220550.0
2021-05-17;151.3;151.62;148.5;149.58;1587530.0
2021-05-18;149.56;151.56;149.08;150.6;1181780.0
2021-05-19;151.28;151.28;146.3;148.32;2816930.0
2021-05-20;148.88;149.62;147.5;148.36;1308530.0
2021-05-21;148.0;149.7;147.92;148.9;1755580.0
2021-05-24;148.92;151.02;148.92;150.6;812300.0
2021-05-25;151.0;154.1;150.7;151.9;2122720.0
2021-05-26;154.0;154.44;152.36;153.1;3089380.0
2021-05-27;152.06;153.54;151.6;152.86;3245750.0
2021-05-28;152.5;153.1;150.18;152.06;1591500.0
2021-05-31;151.84;152.46;150.8;152.28;1385680.0
2021-06-01;152.48;153.74;151.32;153.5;1911660.0
2021-06-02;153.6;155.66;152.84;155.6;2035200.0
2021-06-03;155.66;156.5;155.18;156.46;1769200.0
2021-06-04;155.82;156.04;154.3;155.5;1249710.0
2021-06-07;155.5;155.5;152.94;153.94;2191380.0
2021-06-08;153.02;153.6;151.2;152.22;2305610.0
2021-06-09;152.0;153.3;150.88;152.5;1576370.0
2021-06-10;152.7;152.8;151.02;151.94;1475740.0
2021-06-11;152.1;152.22;150.9;151.5;1249320.0
2021-06-14;151.26;151.74;150.0;151.1;1445840.0
2021-06-15;151.0;151.0;148.76;149.2;2300070.0
2021-06-16;149.76;149.76;148.2;149.26;1265150.0
2021-06-17;148.6;150.1;148.36;148.82;2150130.0
2021-06-18;148.82;151.06;147.7;149.9;7039430.0
2021-06-21;149.9;152.28;149.22;151.4;2065560.0
2021-06-22;151.4;151.98;149.78;150.28;1546470.0
2021-06-23;150.28;151.56;148.66;149.64;3537030.0
2021-06-24;149.64;149.68;147.52;148.54;1910680.0
2021-06-25;149.08;149.76;148.3;149.4;1225970.0
2021-06-28;149.6;151.1;149.46;150.98;1725060.0
2021-06-29;151.5;151.74;149.28;150.24;1463210.0
2021-06-30;150.74;151.5;150.1;151.02;1388340.0
2021-07-01;151.64;151.98;150.5;151.5;2667640.0
2021-07-02;151.8;151.96;150.28;151.08;1434930.0
2021-07-05;151.0;151.64;150.64;151.48;1168650.0
2021-07-06;152.1;152.1;150.8;150.88;1695600.0
2021-07-07;151.4;151.4;150.12;150.26;2375350.0
2021-07-08;146.26;146.26;141.5;142.72;4308100.0
2021-07-09;142.7;144.2;141.3;143.7;1875370.0
2021-07-12;143.7;146.72;143.0;146.46;2028080.0
2021-07-13;146.94;147.2;144.12;145.3;1700690.0
2021-07-14;145.5;145.5;143.02;143.4;1447930.0
2021-07-15;144.8;145.48;143.56;144.6;1353710.0
2021-07-16;144.82;144.82;142.42;143.3;2016620.0
2021-07-19;143.48;143.62;138.5;140.86;2163100.0
2021-07-20;140.98;141.06;139.02;140.86;1007400.0
2021-07-21;140.88;141.18;137.7;139.5;1829720.0
2021-07-22;139.8;139.8;138.0;138.6;2010900.0
2021-07-23;139.4;139.46;138.5;139.14;988050.0
2021-07-26;139.14;139.42;137.12;137.96;1866510.0
2021-07-27;138.08;138.38;136.9;137.9;1219060.0
2021-07-28;137.92;138.94;137.0;137.98;1500100.0
2021-07-29;137.92;138.46;137.08;138.16;1632660.0
2021-07-30;137.36;140.78;137.36;140.18;3652830.0
2021-08-02;140.04;140.6;137.38;138.12;2709500.0
2021-08-03;138.12;138.12;135.0;136.12;3616720.0
2021-08-04;136.4;136.84;135.1;135.9;1577290.0
2021-08-05;136.12;136.68;135.52;136.54;1748420.0
2021-08-06;136.54;136.6;135.3;135.56;1763590.0
2021-08-09;135.6;137.4;135.1;137.14;1875510.0
2021-08-10;137.34;137.38;136.18;136.7;972290.0
2021-08-11;136.7;139.0;136.4;138.8;2134510.0
2021-08-12;138.72;140.2;138.3;139.5;2543600.0
2021-08-13;139.44;139.98;138.82;139.68;1106350.0
2021-08-16;139.0;139.4;137.52;137.86;1592440.0
2021-08-17;137.58;138.62;137.52;138.28;923060.0
2021-08-18;138.5;139.8;137.88;138.98;1680400.0
2021-08-19;138.8;139.98;137.84;138.32;3056690.0
2021-08-20;138.32;138.7;136.1;137.38;2215180.0
2021-08-23;137.38;138.2;136.46;137.84;1669490.0
2021-08-24;137.4;139.18;136.7;139.08;1475500.0
2021-08-25;139.76;141.0;139.0;139.72;3474230.0
2021-08-26;139.72;139.86;138.66;138.86;1507230.0
2021-08-27;138.88;140.22;138.04;139.62;2381630.0
2021-08-30;139.8;140.4;139.1;139.5;1215120.0
2021-08-31;139.5;139.72;137.56;138.58;2014860.0
2021-09-01;138.3;138.56;137.24;138.14;1564140.0
2021-09-02;137.88;139.24;137.54;138.6;1945620.0
2021-09-03;138.6;138.7;137.04;137.6;1909060.0
2021-09-06;137.88;137.88;136.3;137.14;1992910.0
2021-09-07;137.36;137.36;135.42;135.98;2000480.0
2021-09-08;135.98;135.98;133.6;134.14;3348940.0
2021-09-09;133.9;134.0;132.0;132.14;2293270.0
2021-09-10;132.1;133.28;130.5;131.46;2354890.0
2021-09-13;131.92;136.7;131.34;135.22;4081930.0
2021-09-14;135.48;135.5;132.08;133.5;2103730.0
2021-09-15;133.5;133.5;131.48;132.2;1660740.0
2021-09-16;132.2;134.48;131.12;133.3;4256900.0
2021-09-17;133.2;133.98;130.06;131.32;4160260.0
2021-09-20;130.82;131.3;128.82;129.62;2030760.0
2021-09-21;130.78;130.78;129.78;130.16;1272860.0
2021-09-22;130.2;131.82;129.92;131.02;2052860.0
2021-09-23;131.66;131.92;129.04;130.44;2612320.0
2021-09-24;130.5;130.7;129.38;130.56;1722350.0
2021-09-27;130.9;131.0;129.6;130.6;2135460.0
2021-09-28;130.6;130.6;129.38;129.7;1627390.0
2021-09-29;129.7;129.98;129.24;129.8;1285590.0
2021-09-30;129.3;131.0;129.3;130.36;9284500.0
2021-10-01;130.44;130.92;129.94;130.38;3083340.0
2021-10-04;130.92;132.5;126.72;130.82;7185750.0
2021-10-05;130.82;131.26;129.34;130.66;1936840.0
2021-10-06;130.86;132.18;130.32;131.76;4883620.0
2021-10-07;131.76;136.2;131.76;135.44;4487190.0
2021-10-08;135.0;136.48;134.72;135.88;1797930.0
2021-10-11;135.88;136.96;134.9;136.5;2946970.0
2021-10-12;136.7;137.38;135.58;137.04;1382080.0
2021-10-13;137.2;137.78;134.8;136.88;2195420.0
2021-10-14;137.52;138.88;136.52;138.16;3719350.0
2021-10-15;138.26;138.26;135.0;135.98;3142420.0
2021-10-18;135.98;136.78;134.36;135.22;3003340.0
2021-10-19;135.48;136.24;133.62;134.62;2381480.0
2021-10-20;134.62;136.4;134.3;135.7;2637090.0
2021-10-21;135.5;136.18;134.0;134.66;1780260.0
2021-10-22;134.06;135.16;134.02;134.68;1493280.0
2021-10-25;134.68;136.0;133.84;135.12;1736930.0
2021-10-26;135.12;135.76;134.52;134.7;1174040.0
2021-10-27;134.8;135.16;134.2;135.02;998810.0
2021-10-28;134.26;136.68;134.26;136.36;2384760.0
2021-10-29;136.34;136.98;135.5;136.5;1300210.0
2021-11-01;137.0;137.96;136.74;137.66;1244410.0
2021-11-02;137.88;137.92;135.68;135.96;987950.0
2021-11-03;135.96;138.8;135.82;138.5;2861380.0
2021-11-05;138.5;139.64;136.22;138.14;1857000.0
2021-11-08;138.96;140.3;137.2;139.62;4990440.0
2021-11-09;140.0;144.86;139.88;143.86;5546300.0
2021-11-10;144.3;145.18;141.24;142.22;2545180.0
2021-11-11;143.0;144.6;142.58;143.72;3614580.0
2021-11-12;143.4;144.12;142.0;142.48;2712820.0
2021-11-15;143.76;145.0;142.5;143.26;2893380.0
2021-11-16;143.0;144.32;139.54;140.2;2907520.0
2021-11-17;140.0;141.0;138.28;139.44;2601990.0
2021-11-18;139.44;141.62;139.44;140.12;1638590.0
2021-11-19;140.9;141.24;138.36;139.24;2350600.0
2021-11-22;140.0;140.02;136.1;137.0;3978240.0
2021-11-23;136.0;136.76;133.52;136.4;4128020.0
2021-11-24;136.4;138.48;134.58;136.04;3476350.0
2021-11-25;136.42;138.2;134.92;136.26;1425010.0
2021-11-26;135.48;136.68;131.0;132.12;3190950.0
2021-11-29;132.54;137.92;132.54;136.88;2498960.0
2021-11-30;135.02;139.78;134.48;138.8;2981460.0
2021-12-01;139.46;140.94;137.3;137.48;2628560.0
2021-12-02;137.48;138.9;136.62;138.0;1640230.0
2021-12-03;138.5;139.5;135.14;136.34;2020210.0
2021-12-06;136.34;137.88;134.02;135.22;1470470.0
2021-12-07;135.22;136.76;134.48;136.32;2118330.0
2021-12-08;136.88;138.5;133.02;133.76;3174890.0
2021-12-09;133.76;134.74;128.82;130.7;5086130.0
2021-12-10;131.4;131.4;126.3;127.22;2807470.0
2021-12-13;127.22;129.0;120.12;122.12;5560940.0
2021-12-14;122.12;123.34;110.9;121.52;3669190.0
2021-12-15;122.4;126.34;121.64;124.9;4349420.0
2021-12-16;125.72;128.28;124.9;127.24;3272850.0
2021-12-17;127.4;129.56;126.12;129.14;2498960.0
2021-12-20;129.12;131.48;126.7;129.06;4007890.0
2021-12-21;129.2;130.32;127.52;128.6;2207850.0
2021-12-22;128.64;129.48;127.16;127.8;3253230.0
2021-12-23;123.0;124.86;122.6;124.08;4952660.0
2021-12-24;123.6;126.32;123.06;124.54;1224740.0
2021-12-27;124.54;126.26;123.72;124.76;1359490.0
2021-12-28;124.56;125.48;123.5;124.2;2265050.0
2021-12-29;124.22;125.0;123.32;124.4;1336380.0
2021-12-30;124.9;125.24;123.9;124.74;1129090.0
2022-01-03;125.26;127.58;124.52;126.74;927380.0
2022-01-04;127.22;127.48;126.24;127.16;1339310.0
2022-01-05;127.58;127.6;121.5;124.04;1328940.0
2022-01-06;124.0;126.78;122.72;125.12;1455700.0
2022-01-10;125.84;126.9;122.7;125.3;2066540.0
2022-01-11;125.3;125.92;122.84;124.42;2572900.0
2022-01-12;124.12;125.56;123.54;125.0;1118040.0
2022-01-13;125.0;125.28;119.9;122.64;3518430.0
2022-01-14;122.64;123.6;115.44;118.44;4598250.0
2022-01-17;120.0;120.96;117.02;119.64;5037290.0
2022-01-18;120.24;120.8;111.12;113.68;6381580.0
2022-01-19;114.0;114.26;110.12;111.12;10202050.0
2022-01-20;111.2;113.44;107.04;107.9;11751320.0
2022-01-21;107.7;108.58;101.82;103.2;10808510.0
2022-01-24;104.98;104.98;98.32;103.8;10098380.0
2022-01-25;105.2;105.9;100.18;104.52;10261930.0
2022-01-26;103.96;105.06;101.22;101.8;6897380.0
2022-01-27;101.2;104.68;100.34;101.92;9666710.0
2022-01-28;102.58;103.52;101.6;102.3;3334800.0
2022-01-31;102.6;104.5;101.58;103.12;4574290.0
2022-02-01;103.18;104.0;102.2;103.5;5670530.0
2022-02-02;103.54;105.68;100.34;101.8;9867290.0
2022-02-03;101.7;102.08;98.8;98.88;4856140.0
2022-02-04;99.0;100.68;97.2;99.02;4244380.0
2022-02-07;99.02;100.14;96.88;98.0;5243050.0
2022-02-08;98.3;103.5;97.64;101.5;19376490.0
2022-02-09;102.0;112.96;101.9;112.4;14133020.0
2022-02-10;113.0;116.66;108.32;109.54;13300900.0
2022-02-11;109.54;111.76;105.56;107.3;8102000.0
2022-02-14;105.5;111.34;101.6;109.46;9205300.0
2022-02-15;109.46;113.6;109.46;113.5;5733660.0
2022-02-16;114.0;114.92;111.38;113.74;5648760.0
2022-02-17;113.16;113.72;109.02;110.3;4529900.0
2022-02-18;110.32;111.66;102.24;104.14;8876910.0
2022-02-21;103.58;106.8;89.04;92.98;22577720.0
2022-02-22;92.0;96.8;87.12;95.5;28402050.0
2022-02-24;85.94;87.0;42.32;77.0;21110180.0
2022-02-25;69.58;87.96;69.58;84.34;9828790.0
2022-03-24;76.04;92.0;76.04;79.66;4807970.0
2022-03-25;79.0;79.6;72.02;73.8;2055190.0
2022-03-28;74.5;76.42;69.4;73.72;1682460.0
2022-03-29;73.96;78.4;69.9;73.0;2282090.0
2022-03-30;75.0;82.72;74.5;80.98;2168040.0
2022-03-31;81.8;88.44;81.04;87.5;2688160.0
2022-04-01;88.8;92.84;87.0;89.56;2330840.0
2022-04-04;90.0;92.5;85.0;90.36;1919000.0
2022-04-05;90.64;91.0;82.0;84.5;1896680.0
2022-04-06;84.02;85.6;80.32;84.08;805960.0
2022-04-07;84.08;87.5;83.48;85.88;825750.0
2022-04-08;86.14;87.0;83.5;84.28;703310.0
2022-04-11;84.3;85.6;82.6;83.0;674070.0
2022-04-12;83.98;83.98;80.0;81.36;687150.0
2022-04-13;81.6;82.86;80.34;80.5;591100.0
2022-04-14;80.64;80.9;77.14;77.24;1232070.0
2022-04-15;76.14;78.3;73.62;77.72;806150.0
2022-04-18;77.96;78.74;75.52;75.6;558960.0
2022-04-19;78.0;79.36;74.0;75.2;1459370.0
2022-04-20;75.0;77.5;74.5;75.98;763890.0
2022-04-21;76.0;76.5;75.0;75.18;425130.0
2022-04-22;75.18;75.48;72.04;74.0;717640.0
2022-04-25;73.82;73.96;70.94;71.66;618550.0
2022-04-26;71.66;74.9;71.44;74.32;693900.0
2022-04-27;74.64;77.3;74.32;77.1;926710.0
2022-04-28;77.48;79.1;74.7;74.92;923010.0
2022-04-29;75.0;77.08;75.0;77.04;759340.0
2022-05-04;77.18;78.36;75.0;75.0;572160.0
2022-05-05;75.44;76.2;75.1;75.5;232380.0
2022-05-06;75.5;75.88;74.44;74.46;358340.0
2022-05-11;74.5;74.92;73.54;73.9;456890.0
2022-05-12;75.02;75.02;72.2;72.2;445870.0
2022-05-13;72.5;72.98;72.0;72.62;267880.0
2022-05-16;72.5;73.92;72.02;72.52;638900.0
2022-05-17;73.5;73.5;72.52;72.88;419450.0
2022-05-18;72.72;74.24;72.66;73.22;604310.0
2022-05-19;73.56;74.5;71.6;73.38;739180.0
2022-05-20;73.38;74.28;72.18;72.32;576350.0
2022-05-23;72.3;73.28;70.0;70.68;605110.0
2022-05-24;70.6;71.0;67.08;69.58;745550.0
2022-05-25;69.96;70.96;67.8;69.2;911480.0
2022-05-26;69.66;71.46;68.52;69.64;1279140.0
2022-05-27;69.64;71.0;69.02;70.14;861820.0
2022-05-30;68.8;69.6;67.5;67.84;1263590.0
2022-05-31;68.2;68.2;66.06;66.5;1292020.0
2022-06-01;66.5;68.24;66.5;66.9;535220.0
2022-06-02;67.84;68.06;66.72;67.74;503290.0
2022-06-03;67.7;68.4;66.4;66.82;509390.0
2022-06-06;66.5;67.08;66.0;66.28;540440.0
2022-06-07;66.46;66.46;64.12;65.22;605140.0
2022-06-08;65.22;66.96;65.06;66.34;539270.0
2022-06-09;66.34;69.0;66.34;67.4;2711820.0
2022-06-10;67.46;68.16;66.22;66.46;531840.0
2022-06-14;66.3;66.8;65.0;65.26;697800.0
2022-06-15;65.26;65.5;64.1;65.16;808940.0
2022-06-16;65.46;65.8;64.82;65.1;1028270.0
2022-06-17;65.58;65.86;64.74;64.96;609170.0
2022-06-20;65.0;66.26;64.9;66.0;690940.0
2022-06-21;66.1;66.58;65.52;65.78;679300.0
2022-06-22;65.6;65.92;65.0;65.22;475900.0
2022-06-23;65.78;66.48;65.0;65.92;622260.0
2022-06-24;66.26;70.64;66.02;70.56;5766530.0
2022-06-27;70.62;71.66;69.48;70.34;1925530.0
2022-06-28;71.4;72.98;70.66;71.6;1635500.0
2022-06-29;72.0;72.0;69.02;70.56;1078290.0
2022-06-30;70.4;71.56;67.22;68.16;1428940.0
2022-07-01;68.16;68.62;66.16;68.5;1193820.0
2022-07-04;68.46;71.0;67.5;70.4;1294800.0
2022-07-05;70.48;71.7;69.16;70.32;1070320.0
2022-07-06;70.1;72.5;69.52;72.4;1103870.0
2022-07-07;72.56;75.5;70.82;74.9;2885400.0
2022-07-08;75.26;77.5;74.38;75.2;2125680.0
2022-07-11;75.16;76.44;72.7;73.14;1522000.0
2022-07-12;73.14;73.92;71.28;73.5;1148820.0
2022-07-13;73.36;74.96;71.76;71.9;938410.0
2022-07-14;71.86;72.56;68.5;68.96;1655010.0
2022-07-15;69.1;72.26;68.54;71.92;1042930.0
2022-07-18;72.56;74.98;71.66;73.08;1180180.0
2022-07-19;75.26;76.98;73.72;74.62;3146800.0
2022-07-20;75.32;77.6;74.78;77.42;2909220.0
2022-07-21;77.64;78.98;75.2;76.92;1883760.0
2022-07-22;77.2;78.68;76.92;77.9;1176300.0
2022-07-25;78.0;78.06;75.5;76.7;1099370.0
2022-07-26;76.9;79.9;76.74;79.36;1823370.0
2022-07-27;80.0;82.1;78.62;79.58;2205700.0
2022-07-28;79.96;80.12;77.6;79.24;830500.0
2022-07-29;79.5;80.6;78.04;79.84;747460.0
2022-08-01;79.78;81.14;78.02;78.52;816300.0
2022-08-02;78.08;78.28;76.8;77.36;623320.0
2022-08-03;77.64;79.38;77.16;78.44;780910.0
2022-08-04;78.74;79.32;78.02;78.3;797320.0
2022-08-05;78.2;78.56;76.36;76.4;893160.0
2022-08-08;78.6;78.6;76.6;76.92;495830.0
2022-08-09;76.92;78.2;76.48;77.94;470580.0
2022-08-10;78.22;80.5;77.78;79.34;1540270.0
2022-08-11;80.44;80.8;79.4;80.44;967000.0
2022-08-12;80.96;81.0;79.04;79.84;562920.0
2022-08-15;80.0;81.0;79.0;80.78;579590.0
2022-08-16;81.04;83.96;80.12;83.58;1410200.0
2022-08-17;83.96;84.42;82.12;82.82;895700.0
2022-08-18;82.92;83.44;81.22;81.8;583430.0
2022-08-19;81.9;83.98;81.0;83.12;956440.0
2022-08-22;83.7;86.54;83.2;86.54;3019960.0
2022-08-23;86.52;88.9;86.42;87.5;2695690.0
2022-08-24;87.6;88.3;85.4;86.1;1816100.0
2022-08-25;86.14;88.5;83.8;86.5;1899720.0
2022-08-26;86.44;86.6;84.62;85.9;825160.0
2022-08-29;85.52;86.9;85.1;85.62;811460.0
2022-08-30;86.6;86.6;85.66;86.02;470850.0
2022-08-31;85.5;86.9;83.94;85.0;1183300.0
2022-09-01;85.0;85.76;84.1;84.96;600380.0
2022-09-02;85.72;85.72;84.4;85.04;1133900.0
2022-09-05;85.1;86.5;84.68;85.56;792240.0
2022-09-06;85.62;85.86;81.98;84.14;1311750.0
2022-09-07;84.14;84.14;82.2;82.4;728990.0
2022-09-08;82.18;83.9;81.36;83.12;626050.0
2022-09-09;83.12;83.8;82.38;82.9;513270.0
2022-09-12;82.9;84.7;82.3;83.6;963850.0
2022-09-13;83.36;85.88;83.36;84.84;1521010.0
2022-09-14;84.5;84.76;81.56;83.04;1930850.0
2022-09-15;83.24;83.9;82.56;83.46;638930.0
2022-09-16;83.44;84.5;82.46;83.14;619270.0
2022-09-19;82.88;84.32;82.6;83.94;583100.0
2022-09-20;84.0;84.6;76.32;77.28;2811900.0
2022-09-21;69.4;76.76;65.0;72.62;2520820.0
2022-09-22;72.6;75.12;72.08;73.26;1080600.0
2022-09-23;72.5;73.24;69.72;70.14;1113390.0
2022-09-26;69.0;69.3;55.8;60.2;3030540.0
2022-09-27;60.4;63.3;60.4;63.0;1319590.0
2022-09-28;63.0;64.78;62.0;64.44;1150720.0
2022-09-29;64.68;67.4;63.74;65.4;2027830.0
2022-09-30;65.8;66.76;62.12;65.98;1810930.0
2022-10-03;65.98;70.1;65.48;70.1;1433430.0
2022-10-04;70.48;72.14;68.9;70.26;1244120.0
2022-10-05;70.0;71.78;66.18;71.26;1458170.0
2022-10-06;71.26;72.92;70.8;71.72;710560.0
2022-10-07;71.9;71.9;68.08;69.02;1295070.0
2022-10-10;67.0;69.78;63.7;69.38;1694280.0
2022-10-11;69.62;71.7;68.38;70.6;1028630.0
2022-10-12;70.76;71.24;69.0;70.34;727310.0
2022-10-13;70.68;70.68;68.56;69.26;2010610.0
2022-10-14;69.7;69.88;68.88;69.82;605680.0
2022-10-17;70.12;73.82;69.9;73.38;1475100.0
2022-10-18;74.48;75.3;71.02;71.74;2350980.0
2022-10-19;71.2;71.76;70.0;71.56;833230.0
2022-10-20;71.36;72.32;70.0;70.86;1041940.0
2022-10-21;71.0;71.96;69.88;71.2;1361100.0
2022-10-24;71.9;73.12;71.14;72.98;1014870.0
2022-10-25;72.98;74.3;70.08;73.52;1222720.0
2022-10-26;74.36;74.4;72.04;74.32;987860.0
2022-10-27;74.44;74.76;73.44;74.3;1145540.0
2022-10-28;73.98;74.5;72.74;74.14;697180.0
2022-10-31;74.46;75.0;74.04;74.8;552770.0
2022-11-01;75.2;75.66;72.82;73.58;2033940.0
2022-11-02;73.58;73.62;72.0;72.76;641130.0
2022-11-03;72.58;73.3;71.1;72.46;1529380.0
2022-11-07;73.54;75.38;60.3;61.1;54483570.0
2022-11-08;60.24;60.5;45.0;50.44;153451390.0
2022-11-09;49.5;52.14;48.0;49.36;38356610.0
2022-11-10;49.2;49.96;47.5;48.7;19353950.0
2022-11-11;48.68;54.78;48.28;53.5;51843920.0
2022-11-14;54.0;65.52;53.82;64.36;132630780.0
2022-11-15;65.9;65.9;56.58;59.32;66561730.0
2022-11-16;59.78;62.5;58.52;61.8;18599970.0
2022-11-17;61.4;64.0;61.28;63.48;13970480.0
2022-11-18;62.82;64.8;62.62;63.96;11642780.0
2022-11-21;63.88;68.2;63.26;67.26;29696460.0
2022-11-22;67.34;70.86;66.7;69.28;16195070.0
2022-11-23;69.0;71.66;68.34;71.44;11740010.0
2022-11-24;71.6;71.78;70.5;71.28;5491390.0
2022-11-25;71.0;71.24;69.78;71.06;3142740.0
2022-11-28;70.8;71.6;70.14;71.16;2151300.0
2022-11-29;71.2;71.28;69.52;70.38;4199470.0
2022-11-30;70.0;71.26;69.64;70.38;1801600.0
2022-12-01;70.38;70.5;69.92;70.26;819340.0
2022-12-02;70.0;70.74;70.0;70.62;1021470.0
2022-12-05;70.5;70.64;69.74;69.96;1465970.0
2022-12-06;69.7;70.08;68.58;69.82;1605880.0
2022-12-07;69.3;69.5;68.0;68.58;1627910.0
2022-12-08;68.36;68.74;68.1;68.7;1034510.0
2022-12-09;68.9;70.36;68.36;70.32;1053920.0
2022-12-12;70.0;70.26;69.5;69.8;440900.0
2022-12-13;69.52;69.88;69.16;69.7;684480.0
2022-12-14;69.5;69.76;69.28;69.4;439800.0
2022-12-15;69.34;69.96;68.72;69.86;1102710.0
2022-12-16;69.7;69.9;69.28;69.84;1081270.0
2022-12-19;69.7;70.0;69.36;69.64;1023520.0
2022-12-20;69.04;69.62;69.02;69.3;542460.0
2022-12-21;69.0;69.5;69.0;69.18;401670.0
2022-12-22;69.06;69.4;69.02;69.22;431430.0
2022-12-23;69.3;69.3;69.0;69.22;374870.0
2022-12-26;69.18;69.2;68.5;68.72;620400.0
2022-12-27;68.54;68.78;68.3;68.4;576030.0
2022-12-28;68.22;69.0;68.14;68.66;870840.0
2022-12-29;68.18;69.0;65.74;67.16;3246590.0
2022-12-30;66.06;70.02;60.32;69.76;11231380.0
2023-01-03;68.32;70.3;68.12;69.22;879220.0
2023-01-04;68.96;69.7;68.7;69.08;267040.0
2023-01-05;68.8;69.7;68.76;69.04;337850.0
2023-01-06;69.18;69.52;68.86;69.46;251400.0
2023-01-09;68.78;69.42;68.5;68.94;448840.0
2023-01-10;68.58;68.9;68.44;68.6;400540.0
2023-01-11;68.5;69.1;68.02;68.74;630240.0
2023-01-12;68.74;68.96;68.32;68.78;282610.0
2023-01-13;68.5;68.92;68.5;68.86;277570.0
2023-01-16;68.38;69.28;68.32;68.74;630250.0
2023-01-17;68.94;68.96;68.22;68.58;412150.0
2023-01-18;68.22;68.54;68.02;68.18;351020.0
2023-01-19;68.0;68.02;67.04;67.6;440850.0
2023-01-20;67.2;67.82;67.0;67.66;415360.0
2023-01-23;67.54;68.2;67.14;67.7;675600.0
2023-01-24;67.7;68.24;67.42;67.72;274830.0
2023-01-25;67.48;68.26;67.3;67.72;291700.0
2023-01-26;67.6;68.4;67.38;67.68;400750.0
2023-01-27;67.56;68.58;67.52;68.58;416620.0
2023-01-30;67.6;69.08;67.6;68.5;519360.0
2023-01-31;68.04;69.4;68.04;69.26;964680.0
2023-02-01;69.28;70.0;68.98;69.5;1133140.0
2023-02-02;69.64;70.4;69.06;70.32;988590.0
2023-02-03;69.72;70.18;69.6;70.0;605930.0
2023-02-06;69.4;69.98;69.02;69.52;284980.0
2023-02-07;69.3;69.52;69.0;69.28;520610.0
2023-02-08;69.0;69.18;67.92;68.46;442540.0
2023-02-09;68.46;69.1;67.9;68.3;558640.0
2023-02-10;68.02;68.3;67.92;68.18;218460.0
2023-02-13;68.02;68.38;67.8;67.98;187440.0
2023-02-14;67.92;68.3;67.8;68.26;213590.0
2023-02-15;67.8;68.44;67.72;68.0;369280.0
2023-02-16;68.0;70.5;67.16;68.28;1605850.0
2023-02-17;68.06;68.28;67.48;68.24;364060.0
2023-02-20;67.74;68.24;67.24;67.78;223890.0
2023-02-21;67.76;69.1;67.76;68.94;264700.0
2023-02-22;68.84;70.16;68.84;69.7;566460.0
2023-02-24;69.72;69.94;69.12;69.64;144970.0
2023-02-27;69.56;70.0;69.24;69.6;196090.0
2023-02-28;69.9;70.0;69.02;69.92;291690.0
2023-03-01;69.64;69.92;69.44;69.64;202970.0
2023-03-02;69.2;69.78;69.2;69.6;268260.0
2023-03-03;69.34;69.7;69.12;69.54;276680.0
2023-03-06;69.3;69.7;68.84;69.68;479900.0
2023-03-07;69.5;69.76;69.42;69.68;368230.0
2023-03-09;69.44;69.64;69.12;69.24;179930.0
2023-03-10;68.82;69.3;68.8;69.3;270940.0
2023-03-13;69.3;69.4;68.14;68.68;809660.0
2023-03-14;68.06;69.48;68.06;69.42;652830.0
2023-03-15;69.4;102.62;68.44;76.7;14115140.0
2023-03-16;76.7;77.94;72.34;73.2;2093110.0
2023-03-17;73.98;73.98;70.78;71.48;1176740.0
2023-03-20;71.68;71.84;71.1;71.52;514960.0
2023-03-21;71.56;78.5;71.38;72.72;2854210.0
2023-03-22;72.56;73.7;72.04;72.74;504610.0
2023-03-23;73.2;73.2;72.16;72.54;218630.0
2023-03-24;72.34;72.68;69.08;71.5;685750.0
2023-03-27;71.6;71.96;71.22;71.5;262520.0
2023-03-28;71.72;71.76;70.94;71.28;172100.0
2023-03-29;71.48;71.68;70.22;71.46;337840.0
2023-03-30;71.02;71.44;71.0;71.16;176000.0
2023-03-31;71.16;71.2;70.3;70.96;262510.0
2023-04-03;70.5;74.5;70.22;71.0;710930.0
2023-04-04;70.96;73.96;70.7;71.14;942800.0
2023-04-05;71.0;72.36;71.0;71.48;365310.0
2023-04-06;71.0;72.28;70.32;71.24;361210.0
2023-04-07;71.0;72.0;71.0;71.46;308690.0
2023-04-10;71.16;72.0;69.66;71.96;375140.0
2023-04-11;71.96;72.28;70.78;71.22;335820.0
2023-04-12;71.26;71.6;70.58;71.06;126920.0
2023-04-13;70.8;71.58;70.76;71.2;128220.0
2023-04-14;71.5;71.5;70.54;70.94;116200.0
2023-04-17;71.1;71.3;70.7;70.98;185940.0
2023-04-18;70.98;71.2;70.74;71.08;148870.0
2023-04-19;71.08;71.18;70.76;70.92;210310.0
2023-04-20;70.78;71.12;70.02;70.46;200420.0
2023-04-21;70.9;70.9;70.2;70.5;180380.0
2023-04-24;70.28;71.94;70.28;70.46;515330.0
2023-04-25;70.34;70.72;70.3;70.42;109990.0
2023-04-26;70.46;70.98;70.34;70.42;131160.0
2023-04-27;70.9;70.9;69.74;70.18;197300.0
2023-04-28;69.96;70.3;69.5;69.84;195160.0
2023-05-02;69.84;70.84;68.5;69.14;501030.0
2023-05-03;69.32;69.34;66.54;67.68;308070.0
2023-05-04;68.0;68.44;67.28;68.2;138950.0
2023-05-05;68.0;68.28;67.62;67.94;74660.0
2023-05-08;67.94;68.0;66.98;67.06;106580.0
2023-05-10;66.58;68.46;66.1;68.32;237050.0
2023-05-11;68.48;68.56;67.78;67.94;124540.0
2023-05-12;67.74;69.96;67.32;68.24;289900.0
2023-05-15;68.02;68.96;68.02;68.92;179220.0
2023-05-16;68.98;69.58;68.06;68.64;180450.0
2023-05-17;68.64;68.64;68.0;68.38;163490.0
2023-05-18;68.4;68.46;67.76;68.28;219460.0
2023-05-19;68.5;68.5;67.52;68.0;148420.0
2023-05-22;67.92;69.94;67.04;69.06;498350.0
2023-05-23;68.84;69.18;67.76;68.14;173180.0
2023-05-24;67.92;68.16;67.06;67.24;395200.0
2023-05-25;67.06;68.2;67.0;68.04;374220.0
2023-05-26;68.46;68.46;67.3;67.44;245530.0
2023-05-29;67.54;71.5;67.46;68.2;2144130.0
2023-05-30;70.2;70.98;68.54;70.66;1901720.0
2023-05-31;70.66;70.82;70.2;70.74;529090.0
2023-06-01;70.46;71.26;70.38;71.22;707160.0
2023-06-02;71.22;71.34;70.84;71.16;436820.0
2023-06-05;71.04;71.36;71.04;71.2;593470.0
2023-06-06;71.12;71.3;71.12;71.28;353750.0
2023-06-07;71.18;71.34;71.18;71.3;263840.0
2023-06-08;71.28;71.56;71.24;71.36;361870.0
2023-06-09;71.36;71.44;71.28;71.38;249220.0
2023-06-13;71.34;71.44;71.32;71.34;352760.0
2023-06-14;71.32;71.36;71.16;71.3;361110.0
2023-06-15;71.28;71.4;71.26;71.38;243920.0
2023-06-16;71.38;71.38;71.32;71.36;237470.0
2023-06-19;71.42;71.46;71.32;71.4;238670.0
2023-06-20;71.42;71.5;71.24;71.32;320410.0
2023-06-21;71.36;71.42;71.28;71.38;210960.0
2023-06-22;71.32;71.44;71.32;71.38;289360.0
2023-06-23;71.32;71.44;70.02;70.7;339680.0
2023-06-26;70.2;71.4;70.2;71.32;392770.0
2023-06-27;71.16;71.44;71.16;71.38;223230.0
2023-06-28;71.18;71.48;71.14;71.34;263130.0
2023-06-29;71.28;71.4;71.2;71.3;349760.0
2023-06-30;71.2;71.32;70.88;71.26;147570.0
2023-07-03;71.04;71.38;71.04;71.32;293920.0
2023-07-04;71.36;71.38;71.2;71.32;162200.0
2023-07-05;71.2;71.38;71.2;71.32;146990.0
2023-07-06;71.28;71.46;71.28;71.36;147460.0
2023-07-07;71.46;71.46;71.22;71.38;107540.0
2023-07-10;71.24;71.46;71.22;71.36;172480.0
2023-07-11;71.4;71.42;71.28;71.36;160000.0
2023-07-12;71.36;71.44;71.34;71.4;170290.0
2023-07-13;71.34;71.44;71.26;71.36;223760.0
2023-07-14;71.24;71.4;71.24;71.34;249980.0
2023-07-17;71.3;71.4;71.3;71.36;229680.0
2023-07-18;71.34;71.4;71.28;71.32;329920.0
2023-07-19;71.28;71.42;70.56;71.34;394590.0
2023-07-20;71.1;71.4;71.02;71.36;220080.0
2023-07-21;71.36;71.4;71.22;71.38;161090.0
2023-07-24;71.38;71.4;71.2;71.32;277920.0
2023-07-25;71.34;72.66;71.22;71.68;956370.0
2023-07-26;71.88;71.9;71.32;71.42;386000.0
2023-07-27;71.42;71.7;70.78;71.24;443380.0
2023-07-28;71.2;71.2;70.5;70.5;292200.0
2023-07-31;70.5;70.66;70.0;70.58;417910.0
2023-08-01;70.58;71.18;70.1;70.56;340090.0
2023-08-02;69.8;70.46;68.5;69.78;843170.0
2023-08-03;69.56;70.1;69.28;70.08;239790.0
2023-08-04;70.08;71.48;69.7;69.92;846290.0
2023-08-07;69.8;69.96;69.3;69.7;240780.0
2023-08-08;69.58;69.78;68.56;68.78;241140.0
2023-08-09;68.86;69.2;68.02;68.48;267560.0
2023-08-10;68.02;68.94;68.02;68.56;163970.0
2023-08-11;68.56;69.22;68.42;68.94;185930.0
2023-08-14;68.94;69.48;68.52;68.78;233530.0
2023-08-15;68.7;69.48;67.8;68.36;424610.0
2023-08-16;68.36;68.44;67.36;68.08;194840.0
2023-08-17;68.1;68.92;67.88;68.66;121470.0
2023-08-18;68.6;69.1;68.06;68.98;137900.0
2023-08-21;68.96;69.4;68.68;69.24;174760.0
2023-08-22;69.66;69.66;68.4;68.9;169770.0
2023-08-23;69.24;69.24;68.0;68.06;115430.0
2023-08-24;68.1;68.86;67.98;68.44;115830.0
2023-08-25;68.28;69.38;68.04;69.1;136420.0
2023-08-28;69.06;70.0;68.5;69.22;296360.0
2023-08-29;69.22;70.0;68.56;68.86;286090.0
2023-08-30;68.6;69.04;68.0;68.46;238020.0
2023-08-31;68.6;68.84;67.72;68.18;232720.0
2023-09-01;68.18;68.3;68.0;68.18;155960.0
2023-09-04;68.0;68.52;67.92;68.2;291180.0
2023-09-05;68.2;68.42;67.66;68.2;238070.0
2023-09-06;68.0;68.12;67.72;67.78;159120.0
2023-09-07;68.14;68.14;67.0;67.8;234800.0
2023-09-08;68.0;68.02;66.5;66.96;146120.0
2023-09-11;66.8;67.5;66.64;66.86;167110.0
2023-09-12;66.86;67.16;66.66;67.04;106780.0
2023-09-13;67.04;67.32;66.88;66.94;59890.0
2023-09-14;66.94;67.02;65.06;65.58;258950.0
2023-09-15;66.5;66.5;65.2;66.1;174360.0
2023-09-18;66.32;66.76;65.46;65.52;89100.0
2023-09-19;65.52;65.68;65.0;65.0;134450.0
2023-09-20;66.9;83.0;66.06;78.0;29459650.0
2023-09-21;75.16;76.34;70.2;72.32;4647750.0
2023-09-22;72.5;74.88;70.6;70.84;1414130.0
2023-09-25;71.54;71.72;68.5;68.5;819460.0
2023-09-26;68.5;68.56;66.6;67.7;565250.0
2023-09-27;67.8;69.14;67.4;68.64;288720.0
2023-09-28;68.48;69.1;67.7;67.96;264270.0
2023-09-29;68.2;72.74;67.98;69.76;1744480.0
2023-10-02;69.52;70.34;69.04;69.5;279440.0
2023-10-03;69.5;70.32;68.68;68.76;555630.0
2023-10-04;68.5;69.92;68.5;69.16;271490.0
2023-10-05;69.16;71.28;68.76;69.12;817500.0
2023-10-06;69.8;69.8;67.4;67.94;277560.0
2023-10-09;68.0;74.26;68.0;71.32;2365300.0
2023-10-10;71.32;71.38;71.04;71.32;380400.0
2023-10-11;71.12;71.4;71.12;71.38;258000.0
2023-10-12;71.2;71.5;71.14;71.38;377060.0
2023-10-13;71.38;71.5;71.36;71.42;198720.0
2023-10-16;71.26;71.5;71.26;71.42;297010.0
2023-10-17;71.42;72.12;71.42;71.42;437230.0
2023-10-18;71.42;71.48;71.32;71.42;200540.0
2023-10-19;71.38;71.44;71.32;71.4;299860.0
2023-10-20;71.32;71.46;71.32;71.38;713500.0
2023-10-23;71.38;71.44;71.0;71.42;453710.0
2023-10-24;71.24;71.44;71.24;71.42;221680.0
2023-10-25;71.4;71.44;71.4;71.42;158020.0
2023-10-26;71.42;71.46;71.4;71.42;302470.0
2023-10-27;71.42;71.44;71.4;71.42;403380.0
2023-10-30;71.4;71.46;71.38;71.42;333410.0
2023-10-31;71.42;71.44;71.36;71.4;305000.0
2023-11-01;71.26;71.42;71.26;71.4;293650.0
2023-11-02;71.36;71.42;71.28;71.4;490030.0
2023-11-03;71.12;71.12;68.0;68.36;310450.0
2023-11-06;68.36;71.02;68.06;69.16;135520.0
2023-11-07;69.16;69.16;68.22;68.5;94220.0
2023-11-08;68.5;68.7;68.0;68.04;86240.0
2023-11-09;68.04;68.48;68.0;68.04;65550.0
2023-11-10;68.0;68.04;67.28;67.64;107160.0
2023-11-13;67.54;68.28;67.54;68.18;82570.0
2023-11-14;67.68;68.1;65.56;67.3;135870.0
2023-11-15;67.3;67.78;66.78;67.64;72380.0
2023-11-16;67.46;70.0;65.72;69.28;749350.0
2023-11-17;69.42;69.7;68.86;69.58;143970.0
2023-11-20;68.94;69.44;68.78;69.26;51580.0
2023-11-21;69.26;69.68;69.1;69.3;99050.0
2023-11-22;69.18;69.64;69.16;69.36;41450.0
2023-11-23;69.26;69.52;69.24;69.52;62450.0
2023-11-24;69.52;69.6;69.46;69.5;45480.0
2023-11-27;69.46;69.86;69.46;69.56;88000.0
2023-11-28;69.5;69.92;69.5;69.72;70080.0
2023-11-29;69.72;70.62;69.56;69.62;112750.0
2023-11-30;69.46;70.0;69.46;69.94;114800.0
2023-12-01;69.5;70.08;69.5;69.78;99580.0
2023-12-04;69.76;70.0;69.5;70.0;166730.0
2023-12-05;69.54;70.02;69.54;69.82;145460.0
2023-12-06;69.54;70.0;69.44;69.72;752740.0
2023-12-07;69.56;69.8;69.54;69.76;261620.0
2023-12-08;69.56;69.76;69.5;69.7;264630.0
2023-12-11;69.14;69.98;67.0;69.12;245400.0
2023-12-12;68.2;68.6;65.1;65.42;337290.0
2023-12-13;63.14;65.42;62.8;62.92;208550.0
2023-12-14;61.34;62.92;60.6;60.62;242310.0
2023-12-15;60.2;60.6;59.2;60.1;95110.0
2023-12-18;60.1;60.62;60.0;60.36;100490.0
2023-12-19;64.0;64.0;60.36;62.72;213680.0
2023-12-20;62.72;64.28;61.54;62.24;109330.0
2023-12-21;62.24;62.72;61.0;61.4;54100.0
2023-12-22;61.42;61.78;61.0;61.14;46020.0
2023-12-25;61.2;61.2;58.6;60.82;105160.0
2023-12-26;60.82;60.82;58.7;59.0;141780.0
2023-12-27;59.0;59.96;57.8;58.1;125000.0
2023-12-28;58.0;58.4;56.62;57.32;141660.0
2023-12-29;57.32;57.68;56.72;56.84;62930.0
2024-01-03;56.8;58.44;56.72;57.68;72150.0
2024-01-04;58.14;58.22;57.34;57.76;55340.0
2024-01-05;57.92;59.98;57.76;58.32;154900.0
2024-01-08;58.48;70.6;57.92;68.24;2575700.0
2024-01-09;68.98;69.0;63.96;64.94;598720.0
2024-01-10;64.8;68.3;63.8;64.84;820030.0
2024-01-11;64.82;64.82;62.6;64.3;113170.0
2024-01-12;64.3;68.5;64.02;64.58;671530.0
2024-01-15;64.58;64.98;63.0;64.66;179550.0
2024-01-16;64.58;64.66;63.5;64.08;63840.0
2024-01-17;64.0;64.08;63.04;63.6;123220.0
2024-01-18;63.4;65.2;63.26;63.64;150040.0
2024-01-19;63.58;63.92;63.06;63.18;81110.0
2024-01-22;63.0;63.18;62.48;63.0;114750.0
2024-01-23;62.8;63.24;61.84;62.46;93610.0
2024-01-24;62.26;62.46;61.56;61.82;76950.0
2024-01-25;61.82;61.92;61.2;61.52;56530.0
2024-01-26;61.32;61.56;60.2;60.96;121090.0
2024-01-29;59.9;61.78;58.5;61.2;396940.0
2024-01-30;61.2;61.48;59.58;60.1;110140.0
2024-01-31;60.1;60.76;60.0;60.38;93730.0
2024-02-01;60.64;60.66;59.9;60.2;79170.0
2024-02-02;60.2;60.2;59.42;59.72;78590.0
