begin;open;close;high;low;value;quantity;end
2019-01-03;429.15;425.85;429.8;422.4;652509993.5;1528310;2019-01-03 23:59:59
2019-01-04;427.1;430.4;439.0;426.2;702937677.0;1635750;2019-01-04 23:59:59
2019-01-08;427.0;423.6;427.0;420.65;867731354.5;2052160;2019-01-08 23:59:59
2019-01-09;425.0;427.7;428.9;425.0;1031882301.5;2413050;2019-01-09 23:59:59
2019-01-10;427.75;432.1;433.0;424.0;1069755342.5;2493560;2019-01-10 23:59:59
2019-01-11;432.0;434.6;435.3;430.2;1231375648.5;2839110;2019-01-11 23:59:59
2019-01-14;434.05;427.9;434.05;424.85;1007263070.5;2358220;2019-01-14 23:59:59
2019-01-15;428.6;424.35;431.35;421.3;1219706067.5;2863880;2019-01-15 23:59:59
2019-01-16;424.45;421.0;426.9;420.0;1305901812.5;3091660;2019-01-16 23:59:59
2019-01-17;422.0;415.9;422.45;414.2;1447886673.0;3468970;2019-01-17 23:59:59
2019-01-18;419.05;419.7;421.95;416.35;1890837244.0;4510760;2019-01-18 23:59:59
2019-01-21;421.1;422.3;424.8;418.95;1103843528.0;2613040;2019-01-21 23:59:59
2019-01-22;419.8;416.9;421.05;413.0;1888508343.0;4536990;2019-01-22 23:59:59
2019-01-23;417.0;419.9;421.25;416.2;1267448211.5;3021470;2019-01-23 23:59:59
2019-01-24;417.8;408.5;417.8;405.6;4318265914.5;10537210;2019-01-24 23:59:59
2019-01-25;408.3;414.0;414.3;404.6;2048626351.5;4986550;2019-01-25 23:59:59
2019-01-28;412.8;411.2;412.9;408.85;1364573732.5;3322570;2019-01-28 23:59:59
2019-01-29;410.0;412.9;413.65;406.3;1806290441.0;4411530;2019-01-29 23:59:59
2019-01-30;412.85;415.8;417.15;411.15;1469049439.0;3540780;2019-01-30 23:59:59
2019-01-31;417.5;411.25;418.6;411.25;1421185876.5;3428170;2019-01-31 23:59:59
2019-02-01;410.55;411.95;414.85;407.0;1241810743.5;3011440;2019-02-01 23:59:59
2019-02-04;412.95;411.0;414.4;411.0;1390139085.5;3375440;2019-02-04 23:59:59
2019-02-05;411.95;428.5;429.75;409.7;4431344060.5;10446570;2019-02-05 23:59:59
2019-02-06;429.45;421.55;429.45;421.1;1815376184.0;4283520;2019-02-06 23:59:59
2019-02-07;420.1;411.55;423.9;411.45;1445687780.5;3473380;2019-02-07 23:59:59
2019-02-08;410.95;411.6;414.75;408.5;965623050.5;2342100;2019-02-08 23:59:59
2019-02-11;412.0;410.5;418.75;410.5;1439030880.0;3471100;2019-02-11 23:59:59
2019-02-12;410.5;414.5;417.95;410.2;1631989666.5;3933830;2019-02-12 23:59:59
2019-02-13;414.95;401.6;416.15;401.5;2934982122.0;7221730;2019-02-13 23:59:59
2019-02-14;394.65;394.85;399.6;390.75;3228836718.0;8167130;2019-02-14 23:59:59
2019-02-15;397.0;403.5;405.35;397.0;1859328285.0;4641740;2019-02-15 23:59:59
2019-02-18;403.55;405.0;407.75;398.7;1415644418.5;3510240;2019-02-18 23:59:59
2019-02-19;404.8;402.95;408.35;399.8;1360706499.0;3370750;2019-02-19 23:59:59
2019-02-20;403.15;402.9;405.0;400.15;1118766578.5;2778420;2019-02-20 23:59:59
2019-02-21;403.3;396.45;404.8;395.0;1280398771.0;3206940;2019-02-21 23:59:59
2019-02-22;396.45;401.5;402.5;394.4;1137667678.5;2842690;2019-02-22 23:59:59
2019-02-25;400.45;396.5;404.15;395.15;1502865192.0;3768150;2019-02-25 23:59:59
2019-02-26;394.95;399.0;399.4;392.7;1228817989.5;3097610;2019-02-26 23:59:59
2019-02-27;400.0;400.4;401.0;397.65;1415023408.0;3544000;2019-02-27 23:59:59
2019-02-28;398.85;398.8;400.95;395.5;914189804.0;2299210;2019-02-28 23:59:59
2019-03-01;399.9;398.25;400.95;396.0;718039063.5;1805370;2019-03-01 23:59:59
2019-03-04;399.4;398.05;400.5;396.95;629820367.5;1579050;2019-03-04 23:59:59
2019-03-05;397.0;395.9;399.55;395.9;742216720.0;1867250;2019-03-05 23:59:59
2019-03-06;397.15;402.3;403.0;394.55;1078004667.5;2700450;2019-03-06 23:59:59
2019-03-07;402.0;402.0;402.85;398.7;942794534.5;2350970;2019-03-07 23:59:59
2019-03-11;401.9;399.75;401.95;397.55;747526984.0;1870450;2019-03-11 23:59:59
2019-03-12;400.0;397.5;400.35;395.0;1304269420.0;3280860;2019-03-12 23:59:59
2019-03-13;397.5;400.0;400.1;395.6;1015053900.0;2548640;2019-03-13 23:59:59
2019-03-14;400.3;398.3;407.8;398.3;2085067885.5;5183580;2019-03-14 23:59:59
2019-03-15;401.0;401.25;402.5;397.4;1437994033.5;3595160;2019-03-15 23:59:59
2019-03-18;399.7;399.0;399.7;396.2;1063967488.0;2672370;2019-03-18 23:59:59
2019-03-19;399.0;399.0;399.85;396.8;767532026.0;1928620;2019-03-19 23:59:59
2019-03-20;399.45;408.5;408.5;396.8;1631902921.0;4050750;2019-03-20 23:59:59
2019-03-21;408.0;409.5;410.45;405.65;2148463328.0;5261910;2019-03-21 23:59:59
2019-03-22;409.9;408.4;410.7;405.7;990611146.0;2430970;2019-03-22 23:59:59
2019-03-25;405.95;404.25;405.95;400.0;1332120280.5;3308140;2019-03-25 23:59:59
2019-03-26;404.0;405.2;409.7;402.15;819723112.5;2012970;2019-03-26 23:59:59
2019-03-27;405.55;404.35;408.0;402.55;1115904101.0;2753970;2019-03-27 23:59:59
2019-03-28;404.55;407.5;409.3;404.0;750914949.0;1844000;2019-03-28 23:59:59
2019-03-29;407.75;412.0;412.9;406.05;1906659780.5;4653870;2019-03-29 23:59:59
2019-04-01;413.0;419.7;421.25;411.9;2106223586.0;5034740;2019-04-01 23:59:59
2019-04-02;420.0;418.0;423.2;416.6;1034190348.5;2465170;2019-04-02 23:59:59
2019-04-03;419.5;417.95;421.7;417.3;934325452.5;2227390;2019-04-03 23:59:59
2019-04-04;418.1;422.45;423.75;416.95;1114343309.5;2644330;2019-04-04 23:59:59
2019-04-05;422.85;421.5;425.75;421.1;1074991608.5;2538520;2019-04-05 23:59:59
2019-04-08;423.0;420.9;425.4;418.2;1241552478.5;2946680;2019-04-08 23:59:59
2019-04-09;422.0;415.9;423.85;413.6;1787791141.5;4284580;2019-04-09 23:59:59
2019-04-10;415.05;425.5;425.5;413.85;1358828024.5;3227420;2019-04-10 23:59:59
2019-04-11;425.5;431.0;436.25;424.0;2581320959.0;5982950;2019-04-11 23:59:59
2019-04-12;433.0;432.5;437.25;430.0;1632073850.5;3762950;2019-04-12 23:59:59
2019-04-15;432.0;428.9;434.9;426.4;1233847246.0;2863880;2019-04-15 23:59:59
2019-04-16;430.0;435.15;436.7;428.55;2240575849.0;5174360;2019-04-16 23:59:59
2019-04-17;437.4;436.5;441.0;435.75;1563792082.5;3565870;2019-04-17 23:59:59
2019-04-18;435.65;435.65;437.75;432.55;1034831825.5;2379960;2019-04-18 23:59:59
2019-04-19;437.0;432.0;437.0;431.1;504552744.5;1165030;2019-04-19 23:59:59
2019-04-22;434.75;439.6;440.95;432.95;1047627081.5;2388950;2019-04-22 23:59:59
2019-04-23;440.95;441.0;449.0;437.7;2620658837.0;5910290;2019-04-23 23:59:59
2019-04-24;442.0;441.3;442.0;436.7;1445691242.0;3294060;2019-04-24 23:59:59
2019-04-25;441.0;436.0;441.2;432.95;1571165527.0;3592700;2019-04-25 23:59:59
2019-04-26;435.1;434.45;435.35;428.05;1596853936.5;3697730;2019-04-26 23:59:59
2019-04-29;433.0;433.7;435.75;429.5;689122789.5;1594870;2019-04-29 23:59:59
2019-04-30;433.95;428.8;434.4;426.8;1534610879.0;3576650;2019-04-30 23:59:59
2019-05-02;427.75;423.25;427.8;421.8;1270408116.0;2999910;2019-05-02 23:59:59
2019-05-03;425.15;423.55;427.6;421.8;684621969.0;1613880;2019-05-03 23:59:59
2019-05-06;421.2;425.0;425.4;418.0;607064724.0;1441260;2019-05-06 20:30:00
2019-05-07;426.75;422.0;427.25;416.9;1210013401.0;2872860;2019-05-07 23:59:59
2019-05-08;421.5;420.4;423.8;418.05;946574398.0;2247390;2019-05-08 23:59:59
2019-05-10;420.0;413.75;423.15;413.55;903160177.0;2171810;2019-05-10 23:59:59
2019-05-13;415.0;417.2;423.05;414.25;1617973812.5;3855490;2019-05-13 23:59:59
2019-05-14;420.0;420.95;422.8;419.55;1347630168.0;3202400;2019-05-14 23:59:59
2019-05-15;421.85;413.7;421.85;413.1;1590223044.0;3827440;2019-05-15 23:59:59
2019-05-16;413.7;412.0;415.4;410.6;1552668218.0;3757280;2019-05-16 23:59:59
2019-05-17;411.0;413.0;415.6;410.6;1002755092.5;2424170;2019-05-17 23:59:59
2019-05-20;414.4;408.2;415.45;408.1;933717563.5;2272060;2019-05-20 23:59:59
2019-05-21;409.35;415.95;420.0;408.0;1636799412.0;3933530;2019-05-21 23:59:59
2019-05-22;416.5;414.0;420.35;413.6;1293369223.5;3103260;2019-05-22 23:59:59
2019-05-23;413.65;417.05;420.0;411.8;1610054207.5;3869040;2019-05-23 23:59:59
2019-05-24;418.1;423.0;427.85;417.3;1435419692.5;3384130;2019-05-24 23:59:59
2019-05-27;422.0;425.4;426.55;422.0;314548185.5;740780;2019-05-27 23:59:59
2019-05-28;423.9;431.8;435.75;423.9;3262493262.0;7557090;2019-05-28 20:30:10
2019-05-29;429.0;437.0;437.0;426.8;2065576825.0;4761820;2019-05-29 23:59:59
2019-05-30;440.0;439.0;440.95;437.0;1510365653.0;3440340;2019-05-30 23:59:59
2019-05-31;436.5;433.0;438.1;428.3;1888973732.5;4372670;2019-05-31 23:59:59
2019-06-03;428.0;438.9;438.9;424.35;2603277676.0;6040470;2019-06-03 23:59:59
2019-06-04;438.3;435.0;445.05;433.5;2636105464.5;6013530;2019-06-04 23:59:59
2019-06-05;436.0;426.2;436.0;425.65;1240222487.5;2888490;2019-06-05 23:59:59
2019-06-06;427.0;422.9;428.4;419.6;1863959963.5;4404110;2019-06-06 23:59:59
2019-06-07;425.4;419.55;426.55;419.3;2201898610.0;5214090;2019-06-07 23:59:59
2019-06-10;421.7;422.0;424.25;420.1;1105563373.0;2621260;2019-06-10 23:59:59
2019-06-11;421.95;422.9;425.5;420.75;1624073385.5;3842630;2019-06-11 23:59:59
2019-06-13;421.35;422.0;425.6;420.15;2093126776.5;4950130;2019-06-13 23:59:59
2019-06-14;414.8;408.0;416.65;408.0;2824844779.5;6848050;2019-06-14 23:59:59
2019-06-17;409.55;408.1;415.0;407.8;2142188590.5;5217150;2019-06-17 23:59:59
2019-06-18;408.5;411.7;411.7;407.1;1889795086.5;4615800;2019-06-18 23:59:59
2019-06-19;411.95;409.25;412.75;408.0;1430493800.0;3491600;2019-06-19 23:59:59
2019-06-20;411.1;419.75;419.75;409.45;3715800292.0;8955030;2019-06-20 23:59:59
2019-06-21;419.2;419.1;420.0;414.55;2203138931.0;5271740;2019-06-21 23:59:59
2019-06-24;419.0;416.45;420.75;415.5;1243085906.0;2977930;2019-06-24 23:59:59
2019-06-25;415.0;412.15;415.6;410.4;1074716857.0;2606180;2019-06-25 23:59:59
2019-06-26;413.1;415.9;417.8;412.55;1512399272.5;3638530;2019-06-26 23:59:59
2019-06-27;417.05;415.1;418.4;412.75;1107879042.5;2667080;2019-06-27 23:59:59
2019-06-28;415.0;414.5;415.5;412.6;802280966.5;1938710;2019-06-28 23:59:59
2019-07-01;417.5;417.8;422.8;416.3;1718085773.0;4092820;2019-07-01 23:59:59
2019-07-02;417.85;417.0;420.15;415.1;875376875.5;2098800;2019-07-02 23:59:59
2019-07-03;416.9;420.0;422.2;414.75;1133698909.5;2701800;2019-07-03 23:59:59
2019-07-04;421.8;422.55;422.85;417.85;734135802.0;1742000;2019-07-04 23:59:59
2019-07-05;422.9;418.65;424.55;416.3;1434613085.5;3418740;2019-07-05 23:59:59
2019-07-08;417.95;419.25;421.9;417.2;1140143276.0;2714100;2019-07-08 23:59:59
2019-07-09;419.1;420.95;424.5;419.1;934571941.5;2214720;2019-07-09 23:59:59
2019-07-10;421.75;423.25;425.9;419.2;1405124314.5;3318820;2019-07-10 23:59:59
2019-07-11;425.1;418.4;425.1;417.3;1256210996.5;2989220;2019-07-11 23:59:59
2019-07-12;418.4;419.25;421.3;415.05;839030685.5;2003650;2019-07-12 23:59:59
2019-07-15;421.3;418.4;422.3;418.2;539566072.5;1285620;2019-07-15 23:59:59
2019-07-16;417.9;420.4;420.8;417.85;494026199.0;1176960;2019-07-16 23:59:59
2019-07-17;418.55;421.1;421.1;416.5;1006034768.0;2398020;2019-07-17 23:59:59
2019-07-18;420.35;417.0;421.25;416.7;796956110.5;1905000;2019-07-18 23:59:59
2019-07-19;418.75;420.45;420.65;418.1;494271581.5;1177370;2019-07-19 23:59:59
2019-07-22;416.0;420.45;423.95;415.25;675343014.0;1600980;2019-07-22 23:59:59
2019-07-23;420.75;428.0;431.15;420.6;1551444159.5;3622760;2019-07-23 23:59:59
2019-07-24;428.6;427.6;429.85;426.1;690379492.0;1613330;2019-07-24 23:59:59
2019-07-25;428.45;428.95;429.45;425.6;931314992.5;2177790;2019-07-25 23:59:59
2019-07-26;428.95;423.5;429.85;423.5;991038159.5;2319080;2019-07-26 23:59:59
2019-07-29;424.1;421.9;425.5;420.05;584658781.5;1384360;2019-07-29 23:59:59
2019-07-30;422.8;420.45;423.1;418.15;471156353.0;1120510;2019-07-30 23:59:59
2019-07-31;420.5;421.95;422.7;418.7;698305051.0;1657620;2019-07-31 23:59:59
2019-08-01;419.5;419.4;421.1;417.2;659688041.0;1575940;2019-08-01 23:59:59
2019-08-02;416.9;411.75;418.0;411.75;2059995752.5;4972330;2019-08-02 23:59:59
2019-08-05;411.5;406.3;413.85;405.7;1901589199.5;4653170;2019-08-05 23:59:59
2019-08-06;407.05;412.0;412.35;406.55;1650015535.0;4026310;2019-08-06 23:59:59
2019-08-07;411.05;406.55;411.45;405.35;1994090747.0;4885090;2019-08-07 23:59:59
2019-08-08;408.1;406.6;409.6;406.6;1097601989.0;2687430;2019-08-08 23:59:59
2019-08-09;407.5;404.6;407.95;404.3;1018305140.0;2509270;2019-08-09 20:29:59
2019-08-12;405.0;402.4;407.3;401.4;1430304809.5;3542730;2019-08-12 23:59:59
2019-08-13;402.4;405.3;408.45;400.7;1489465214.0;3677470;2019-08-13 23:59:59
2019-08-14;406.0;400.15;407.0;397.7;2134633414.5;5310260;2019-08-14 23:59:59
2019-08-15;402.2;404.25;405.2;400.05;1315046112.5;3263050;2019-08-15 23:59:59
2019-08-16;405.55;404.75;406.8;404.0;1029617429.0;2538360;2019-08-16 23:59:59
2019-08-19;406.45;404.0;407.85;402.3;1752286868.5;4333690;2019-08-19 23:59:59
2019-08-20;405.45;407.9;409.95;404.75;1824747787.0;4483930;2019-08-20 23:59:59
2019-08-21;416.95;410.4;416.95;410.0;2145469468.0;5199950;2019-08-21 23:59:59
2019-08-22;410.4;406.0;411.65;406.0;1308619451.0;3206680;2019-08-22 23:59:59
2019-08-23;407.3;405.6;408.35;404.4;1288510314.0;3170390;2019-08-23 23:59:59
2019-08-26;403.0;405.7;406.95;402.95;686475199.5;1692070;2019-08-26 23:59:59
2019-08-27;406.5;406.5;406.5;403.1;1968536483.0;4854590;2019-08-27 23:59:59
2019-08-28;406.45;404.8;406.8;403.8;1510017433.5;3728780;2019-08-28 23:59:59
2019-08-29;405.0;406.25;408.0;404.8;1350553234.0;3324820;2019-08-29 23:59:59
2019-08-30;406.45;406.95;409.35;405.7;1401613420.5;3442290;2019-08-30 23:59:59
2019-09-02;407.0;412.0;413.2;406.0;2126711569.5;5187190;2019-09-02 23:59:59
2019-09-03;411.85;410.4;412.0;406.95;1494309267.5;3651670;2019-09-03 23:59:59
2019-09-04;411.5;414.65;415.9;411.35;1692162195.5;4088810;2019-09-04 23:59:59
2019-09-05;416.5;418.3;420.55;414.65;2036330765.0;4868480;2019-09-05 23:59:59
2019-09-06;418.05;422.9;422.9;415.9;1584955085.0;3775590;2019-09-06 23:59:59
2019-09-09;424.0;423.9;424.45;420.7;1023178202.0;2421150;2019-09-09 23:59:59
2019-09-10;423.8;418.0;423.85;416.15;1881392382.0;4492560;2019-09-10 23:59:59
2019-09-11;417.1;416.1;419.45;413.65;1482978572.0;3555070;2019-09-11 23:59:59
2019-09-12;416.15;412.05;417.3;409.4;2282896565.0;5524440;2019-09-12 23:59:59
2019-09-13;412.0;410.05;412.8;408.85;998989837.0;2434620;2019-09-13 23:59:59
2019-09-16;418.5;429.7;431.3;415.05;7471738463.5;17572690;2019-09-16 23:59:59
2019-09-17;431.85;428.1;440.9;424.0;6739588017.0;15588740;2019-09-17 23:59:59
2019-09-18;428.5;426.0;429.7;423.5;1879383229.5;4412450;2019-09-18 23:59:59
2019-09-19;425.0;427.0;428.8;424.55;2041147595.5;4783790;2019-09-19 23:59:59
2019-09-20;426.8;428.3;428.3;425.05;1311659269.5;3070370;2019-09-20 23:59:59
2019-09-23;428.3;428.75;430.0;423.7;2085533601.0;4889900;2019-09-23 23:59:59
2019-09-24;431.05;425.5;431.5;423.6;1737231308.5;4074760;2019-09-24 23:59:59
2019-09-25;424.4;424.5;424.65;421.85;1631333551.0;3854470;2019-09-25 23:59:59
2019-09-26;424.55;422.55;425.95;422.05;896768928.5;2115790;2019-09-26 23:59:59
2019-09-27;422.5;422.5;424.75;422.2;733054281.0;1732210;2019-09-27 23:59:59
2019-09-30;422.2;419.3;422.5;419.3;982098165.5;2334340;2019-09-30 23:59:59
2019-10-01;420.35;420.65;423.25;419.9;1026716539.5;2434990;2019-10-01 23:59:59
2019-10-02;420.65;417.55;422.25;415.8;1432681578.0;3423590;2019-10-02 23:59:59
2019-10-03;416.75;413.1;417.8;410.7;1571771389.0;3801380;2019-10-03 23:59:59
2019-10-04;415.3;415.0;419.2;413.1;1214009184.5;2914480;2019-10-04 23:59:59
2019-10-07;416.7;418.5;422.9;414.55;1440808832.0;3432460;2019-10-07 23:59:59
2019-10-08;418.85;419.5;421.9;418.6;1109370436.0;2641420;2019-10-08 23:59:59
2019-10-09;420.35;421.15;422.0;419.3;1178734038.5;2802010;2019-10-09 23:59:59
2019-10-10;409.95;409.0;411.6;407.05;2079268520.0;5087850;2019-10-10 23:59:59
2019-10-11;410.75;411.65;412.7;409.6;1473447779.5;3582330;2019-10-11 23:59:59
2019-10-14;411.65;413.4;414.0;410.25;808514031.0;1960300;2019-10-14 23:59:59
2019-10-15;412.45;411.65;413.6;411.1;835288811.0;2025340;2019-10-15 23:59:59
2019-10-16;413.0;414.95;415.5;410.3;1277534548.5;3092880;2019-10-16 23:59:59
2019-10-17;414.9;417.65;418.6;413.2;1230110601.5;2951090;2019-10-17 23:59:59
2019-10-18;417.65;415.0;417.7;414.15;727648760.5;1751370;2019-10-18 23:59:59
2019-10-21;415.0;413.75;415.5;411.5;1074567032.5;2603480;2019-10-21 23:59:59
2019-10-22;413.45;417.4;417.4;412.55;1440429558.0;3475400;2019-10-22 23:59:59
2019-10-23;415.9;420.0;420.75;415.2;1721679188.5;4108860;2019-10-23 23:59:59
2019-10-24;420.0;420.5;422.5;419.3;1683861964.0;3998420;2019-10-24 23:59:59
2019-10-25;421.0;421.35;422.35;417.7;1038211612.0;2473210;2019-10-25 23:59:59
2019-10-28;422.2;421.4;424.3;420.0;895669799.5;2122390;2019-10-28 23:59:59
2019-10-29;421.4;429.2;430.45;419.1;2443902691.0;5713870;2019-10-29 23:59:59
2019-10-30;428.75;432.65;433.5;425.7;1992369515.0;4624480;2019-10-30 23:59:59
2019-10-31;432.5;426.0;435.5;426.0;1497169355.0;3477500;2019-10-31 23:59:59
2019-11-01;426.5;434.4;435.4;424.0;2161136452.0;5003510;2019-11-01 23:59:59
2019-11-05;437.8;451.4;453.45;434.45;3885699538.0;8677320;2019-11-05 23:59:59
2019-11-06;452.05;454.5;454.5;443.35;4071180252.5;9041070;2019-11-06 23:59:59
2019-11-07;452.0;463.5;464.7;450.45;2736193376.0;5957260;2019-11-07 23:59:59
2019-11-08;462.0;454.25;462.85;453.65;1907612063.0;4171670;2019-11-08 23:59:59
2019-11-11;453.05;453.0;453.85;446.4;1450627068.0;3220850;2019-11-11 23:59:59
2019-11-12;454.0;461.05;468.3;453.2;3348375797.5;7240110;2019-11-12 23:59:59
2019-11-13;458.1;459.5;461.45;455.1;1628848098.5;3554510;2019-11-13 23:59:59
2019-11-14;459.2;457.3;460.2;451.7;2043105978.0;4477310;2019-11-14 23:59:59
2019-11-15;457.3;458.0;460.7;453.7;1372045861.0;3003220;2019-11-15 23:59:59
2019-11-18;459.6;451.0;461.5;450.1;1381700324.5;3032390;2019-11-18 23:59:59
2019-11-19;451.25;452.55;455.0;448.5;1195670661.0;2644550;2019-11-19 23:59:59
2019-11-20;450.9;450.35;452.5;441.65;1981155703.0;4434830;2019-11-20 23:59:59
2019-11-21;449.8;452.85;454.0;445.75;879092421.5;1952620;2019-11-21 23:59:59
2019-11-22;452.2;453.0;457.4;450.8;1152023078.0;2537450;2019-11-22 23:59:59
2019-11-25;455.0;455.0;456.5;453.0;794452798.0;1748740;2019-11-25 23:59:59
2019-11-26;455.6;453.0;456.35;445.1;2824011008.0;6255680;2019-11-26 23:59:59
2019-11-27;452.0;445.9;452.85;445.1;1621126823.0;3604600;2019-11-27 23:59:59
2019-11-28;445.45;445.5;447.2;442.5;988579973.0;2224970;2019-11-28 23:59:59
2019-11-29;444.6;441.0;444.6;440.3;1283955637.0;2907480;2019-11-29 23:59:59
2019-12-02;443.4;435.45;443.95;435.4;1429061227.5;3243280;2019-12-02 23:59:59
2019-12-03;434.2;433.0;439.55;432.5;1242531180.0;2850050;2019-12-03 23:59:59
2019-12-04;433.4;442.15;444.15;427.6;1554496381.0;3553690;2019-12-04 23:59:59
2019-12-05;441.0;438.4;443.75;435.25;1286659091.5;2932430;2019-12-05 23:59:59
2019-12-06;438.4;446.0;448.35;436.6;1260305989.5;2845350;2019-12-06 23:59:59
2019-12-09;448.0;449.0;450.5;445.2;898473482.0;2006130;2019-12-09 23:59:59
2019-12-10;448.8;448.85;451.9;445.5;1164597718.5;2593230;2019-12-10 23:59:59
2019-12-11;449.45;451.7;455.85;448.75;1784094712.0;3936930;2019-12-11 23:59:59
2019-12-12;453.3;452.8;458.75;451.6;2506498626.5;5508850;2019-12-12 23:59:59
2019-12-13;456.15;451.1;457.35;450.25;2076934065.0;4586410;2019-12-13 23:59:59
2019-12-16;450.8;448.45;452.65;448.0;1617101006.5;3597230;2019-12-16 23:59:59
2019-12-17;449.95;454.05;455.0;449.2;2360873739.5;5215360;2019-12-17 23:59:59
2019-12-18;453.0;454.45;456.45;451.55;1993583915.5;4389380;2019-12-18 23:59:59
2019-12-19;454.5;451.75;456.85;449.0;2309586240.0;5095820;2019-12-19 23:59:59
2019-12-20;452.45;451.75;453.2;446.5;2358602368.0;5244610;2019-12-20 23:59:59
2019-12-23;451.7;451.0;454.1;449.0;1353400067.0;2999470;2019-12-23 23:59:59
2019-12-24;451.0;451.4;453.2;450.5;711599285.5;1574240;2019-12-24 23:59:59
2019-12-25;452.0;454.0;455.3;451.9;749381988.0;1649040;2019-12-25 23:59:59
2019-12-26;455.7;452.5;455.75;452.5;812232997.0;1786410;2019-12-26 23:59:59
2019-12-27;453.5;453.5;455.4;453.2;1265550418.5;2784150;2019-12-27 23:59:59
2019-12-30;453.4;449.7;453.95;449.5;1466814847.0;3255130;2019-12-30 23:59:59
2020-01-03;453.75;456.9;458.65;453.35;1997778195.5;4376800;2020-01-03 23:59:59
2020-01-06;459.0;455.6;460.4;453.4;3115846463.5;6828930;2020-01-06 23:59:59
2020-01-08;456.0;452.0;462.7;451.45;4214559913.0;9251220;2020-01-08 23:59:59
2020-01-09;452.4;460.2;460.95;450.7;2276596930.0;4982540;2020-01-09 23:59:59
2020-01-10;459.9;473.5;475.65;456.85;3142722465.0;6695940;2020-01-10 23:59:59
2020-01-13;476.65;481.15;482.25;472.15;2304636783.0;4812230;2020-01-13 23:59:59
2020-01-14;481.15;475.5;486.45;472.7;3141141126.0;6553240;2020-01-14 23:59:59
2020-01-15;474.7;474.5;482.1;469.95;2178314028.0;4595510;2020-01-15 23:59:59
2020-01-16;477.95;480.95;481.5;476.7;1979105054.5;4124610;2020-01-16 23:59:59
2020-01-17;482.45;485.15;487.2;481.25;2166876313.0;4466590;2020-01-17 23:59:59
2020-01-20;488.0;484.85;489.9;484.65;1522724938.5;3130680;2020-01-20 23:59:59
2020-01-21;482.55;486.15;486.85;479.0;1418459421.0;2932730;2020-01-21 23:59:59
2020-01-22;486.25;478.15;488.55;476.05;5633413933.5;11724320;2020-01-22 23:59:59
2020-01-23;475.0;473.1;479.7;470.6;1989095519.0;4185540;2020-01-23 23:59:59
2020-01-24;475.05;474.0;478.4;473.5;1570944250.5;3300950;2020-01-24 23:59:59
2020-01-27;469.05;468.3;473.8;465.8;2669041890.5;5684600;2020-01-27 23:59:59
2020-01-28;472.1;477.7;477.7;468.2;2782447941.0;5883840;2020-01-28 23:59:59
2020-01-29;480.5;481.7;482.0;475.6;3028368419.0;6309330;2020-01-29 23:59:59
2020-01-30;480.95;481.2;483.3;477.8;7026156783.5;14599820;2020-01-30 23:59:59
2020-01-31;485.0;480.5;486.0;478.75;4134691010.5;8601590;2020-01-31 23:59:59
2020-02-03;478.7;479.95;481.45;476.6;2252082888.5;4692830;2020-02-03 23:59:59
2020-02-04;481.0;480.0;483.0;478.35;4220825006.5;8782880;2020-02-04 23:59:59
2020-02-05;481.0;477.0;481.5;474.4;2714729822.5;5659990;2020-02-05 23:59:59
2020-02-06;478.5;475.6;480.5;471.0;2268938918.0;4759310;2020-02-06 23:59:59
2020-02-07;475.5;463.6;476.75;450.55;7657575140.0;16679550;2020-02-07 23:59:59
2020-02-10;463.6;450.0;463.85;447.8;4043327857.5;8918200;2020-02-10 23:59:59
2020-02-11;454.85;454.3;456.7;448.25;3553981013.5;7847480;2020-02-11 23:59:59
2020-02-12;456.7;465.8;465.8;455.5;3417182108.5;7411680;2020-02-12 23:59:59
2020-02-13;463.2;463.0;465.5;458.55;2399932765.5;5200420;2020-02-13 23:59:59
2020-02-14;463.0;460.5;464.4;456.25;2271581284.5;4928520;2020-02-14 23:59:59
2020-02-17;461.0;464.7;464.7;459.7;1322870363.5;2862290;2020-02-17 23:59:59
2020-02-18;462.7;452.2;466.0;440.7;5686889278.5;12455090;2020-02-18 23:59:59
2020-02-19;455.25;465.65;469.0;455.25;4937239073.0;10662570;2020-02-19 23:59:59
2020-02-20;468.0;470.4;476.95;465.6;4261599548.5;9033880;2020-02-20 23:59:59
2020-02-21;468.1;461.75;469.0;461.65;2788914595.0;6005410;2020-02-21 23:59:59
2020-02-25;455.05;443.85;458.75;442.7;3336020252.0;7406410;2020-02-25 23:59:59
2020-02-26;441.75;443.7;444.6;431.5;4263613430.5;9702670;2020-02-26 23:59:59
2020-02-27;437.0;422.05;440.0;420.95;4167395954.0;9695140;2020-02-27 23:59:59
2020-02-28;416.0;403.4;417.0;398.15;7668386717.0;18913810;2020-02-28 23:59:59
2020-03-02;411.0;394.5;415.4;389.5;4766709746.0;11867380;2020-03-02 23:59:59
2020-03-03;406.95;406.0;411.95;400.5;4525891345.0;11121190;2020-03-03 23:59:59
2020-03-04;403.0;415.95;416.55;399.2;3742158537.0;9096600;2020-03-04 23:59:59
2020-03-05;417.5;410.6;420.0;408.5;3554451234.0;8606580;2020-03-05 23:59:59
2020-03-06;406.0;392.95;406.95;391.05;5070788152.0;12793490;2020-03-06 23:59:59
2020-03-10;353.7;326.5;357.4;320.0;12942887832.0;38328490;2020-03-10 23:59:59
2020-03-11;332.9;314.05;334.4;310.95;6625684003.5;20738020;2020-03-11 23:59:59
2020-03-12;300.0;277.5;305.0;270.8;8361780718.0;29246810;2020-03-12 23:59:59
2020-03-13;261.2;266.25;288.65;261.2;12518917888.5;44712980;2020-03-13 23:59:59
2020-03-16;266.25;258.5;280.0;251.0;8042161577.0;31025780;2020-03-16 23:59:59
2020-03-17;260.5;249.15;268.0;246.25;5017666813.0;19695180;2020-03-17 23:59:59
2020-03-18;244.0;234.0;244.75;229.8;4551475093.0;19316370;2020-03-18 23:59:59
2020-03-19;237.0;264.4;268.65;230.05;9509535971.5;37674540;2020-03-19 23:59:59
2020-03-20;274.5;287.75;299.4;272.0;13046911616.0;45411190;2020-03-20 23:59:59
2020-03-23;275.0;274.0;276.45;265.15;9692513259.5;35837260;2020-03-23 23:59:59
2020-03-24;300.0;298.5;301.25;285.45;6692861896.0;22742550;2020-03-24 23:59:59
2020-03-25;304.5;304.75;319.75;287.75;11180427544.0;36681020;2020-03-25 23:59:59
2020-03-26;304.75;316.2;319.95;291.0;6316305019.5;20497860;2020-03-26 23:59:59
2020-03-27;315.9;302.8;322.0;296.3;4229992797.5;13849010;2020-03-27 23:59:59
2020-03-30;316.5;301.0;325.75;293.55;9078115601.0;29933870;2020-03-30 23:59:59
2020-03-31;305.1;314.35;319.75;304.0;8013511084.0;25538920;2020-03-31 20:30:07
2020-04-01;308.0;321.0;324.6;304.2;5785934491.5;18359340;2020-04-01 23:59:59
2020-04-02;335.0;340.5;354.3;324.65;13088747362.0;38779550;2020-04-02 23:59:59
2020-04-03;344.0;345.0;355.0;340.55;12981613228.0;37269440;2020-04-03 23:59:59
2020-04-06;348.0;343.0;352.0;340.25;6274354018.0;18148920;2020-04-06 23:59:59
2020-04-07;350.0;339.5;386.95;337.55;9870538088.5;28546820;2020-04-07 23:59:59
2020-04-08;337.0;341.5;342.95;335.7;4760848142.0;14035290;2020-04-08 23:59:59
2020-04-09;347.9;353.0;355.0;341.5;9485805376.0;27112760;2020-04-09 23:59:59
2020-04-10;350.0;344.0;350.05;342.15;4430588335.0;12849240;2020-04-10 23:59:59
2020-04-13;345.0;336.7;346.5;334.4;3331625353.0;9852690;2020-04-13 23:59:59
2020-04-14;339.15;330.95;342.0;327.4;4430421754.0;13264460;2020-04-14 23:59:59
2020-04-15;328.0;307.25;328.35;304.05;6245320503.0;19859390;2020-04-15 23:59:59
2020-04-16;308.85;305.75;314.9;296.25;6649867696.0;21559360;2020-04-16 23:59:59
2020-04-17;312.0;313.9;314.75;307.3;4573637823.5;14666310;2020-04-17 23:59:59
2020-04-20;310.5;307.9;314.5;307.8;3791794834.0;12229610;2020-04-20 23:59:59
2020-04-21;299.2;304.0;306.95;293.5;7628969592.5;25247170;2020-04-21 23:59:59
2020-04-22;299.1;321.95;329.1;299.1;7947658289.0;25009860;2020-04-22 23:59:59
2020-04-23;329.6;335.0;336.8;324.1;7611427302.0;22987910;2020-04-23 23:59:59
2020-04-24;334.7;324.0;334.7;322.5;5409158481.0;16539600;2020-04-24 23:59:59
2020-04-27;322.2;322.9;327.3;319.3;3328787881.0;10276660;2020-04-27 23:59:59
2020-04-28;320.5;325.1;331.3;318.0;5719178568.5;17584700;2020-04-28 23:59:59
2020-04-29;328.0;337.95;338.25;326.5;5119650066.5;15369840;2020-04-29 23:59:59
2020-04-30;343.25;335.65;346.45;330.3;5804300019.0;17148520;2020-04-30 23:59:59
2020-05-04;330.55;331.0;332.75;325.05;2906086353.5;8831090;2020-05-04 23:59:59
2020-05-05;337.0;342.5;343.55;334.0;4753641980.0;13975500;2020-05-05 23:59:59
2020-05-06;344.0;336.65;344.85;335.0;4967379318.5;14591870;2020-05-06 23:59:59
2020-05-07;337.15;343.0;344.55;336.75;4271357250.0;12491770;2020-05-07 23:59:59
2020-05-08;344.05;348.0;350.0;340.25;3293819099.5;9550290;2020-05-08 23:59:59
2020-05-12;347.8;351.1;355.7;345.2;3931538536.0;11186970;2020-05-12 23:59:59
2020-05-13;350.3;348.0;353.15;345.85;3113556355.0;8913160;2020-05-13 23:59:59
2020-05-14;346.0;347.15;349.95;344.55;3098949719.5;8929200;2020-05-14 23:59:59
2020-05-15;351.2;350.05;354.75;349.35;3349772686.5;9514140;2020-05-15 23:59:59
2020-05-18;357.5;375.05;375.95;355.65;7279772688.0;19896670;2020-05-18 23:59:59
2020-05-19;376.2;376.5;383.5;371.55;7153661230.0;18944540;2020-05-19 23:59:59
2020-05-20;374.0;380.25;384.45;373.25;5602361546.5;14745420;2020-05-20 23:59:59
2020-05-21;378.9;367.0;383.35;364.4;7773314578.0;20892400;2020-05-21 23:59:59
2020-05-22;359.7;364.5;365.9;358.1;5000674288.5;13802870;2020-05-22 23:59:59
2020-05-25;366.5;373.95;374.0;366.5;1962555382.5;5287090;2020-05-25 23:59:59
2020-05-26;377.8;374.4;380.9;374.4;4010945343.5;10602650;2020-05-26 23:59:59
2020-05-27;373.8;374.9;380.0;366.35;4562913864.0;12194760;2020-05-27 23:59:59
2020-05-28;376.8;377.45;378.2;372.5;2771972943.5;7373100;2020-05-28 23:59:59
2020-05-29;374.05;376.2;376.35;370.4;4002505579.5;10712590;2020-05-29 23:59:59
2020-06-01;380.0;378.7;387.0;376.35;3165180397.0;8342370;2020-06-01 23:59:59
2020-06-02;380.55;387.0;387.0;379.8;5018754369.5;13076410;2020-06-02 23:59:59
2020-06-03;390.2;396.95;397.6;388.4;5484485594.0;13929180;2020-06-03 23:59:59
2020-06-04;397.0;390.05;397.3;387.65;3458594258.0;8822490;2020-06-04 23:59:59
2020-06-05;394.5;401.95;402.0;393.0;4615612700.5;11598780;2020-06-05 23:59:59
2020-06-08;407.0;400.15;408.25;395.0;5095198294.5;12647060;2020-06-08 23:59:59
2020-06-09;403.0;402.0;403.9;394.3;4042672675.5;10121950;2020-06-09 23:59:59
2020-06-10;401.6;400.3;403.75;397.25;3525049768.5;8811590;2020-06-10 23:59:59
2020-06-11;382.9;376.1;382.9;370.5;5905293816.0;15665520;2020-06-11 23:59:59
2020-06-15;368.7;366.15;369.05;359.55;4413422133.0;12122290;2020-06-15 23:59:59
2020-06-16;372.15;371.4;376.8;370.25;3439137416.5;9207610;2020-06-16 23:59:59
2020-06-17;372.55;371.75;376.85;371.05;2406687501.0;6434810;2020-06-17 23:59:59
2020-06-18;371.7;373.65;374.5;369.25;1976982742.0;5309220;2020-06-18 23:59:59
2020-06-19;376.15;376.15;378.8;373.7;2653011172.5;7039450;2020-06-19 23:59:59
2020-06-22;374.55;375.65;379.0;370.5;2186896517.5;5860910;2020-06-22 23:59:59
2020-06-23;376.9;373.6;377.75;372.5;1598884768.0;4257880;2020-06-23 23:59:59
2020-06-25;366.95;371.5;372.0;362.2;3413677322.5;9320050;2020-06-25 23:59:59
2020-06-26;373.05;367.05;373.05;366.0;1324221015.0;3593650;2020-06-26 23:59:59
2020-06-29;365.5;365.5;367.45;361.7;1576093204.0;4326180;2020-06-29 23:59:59
2020-06-30;365.6;361.8;366.2;359.5;1500904598.5;4138970;2020-06-30 23:59:59
2020-07-02;364.05;366.05;367.8;362.5;1353458909.0;3698320;2020-07-02 23:59:59
2020-07-03;367.5;365.35;368.2;362.95;1220323016.0;3345410;2020-07-03 23:59:59
2020-07-06;367.6;368.8;373.65;367.0;1912435677.5;5171010;2020-07-06 23:59:59
2020-07-07;366.0;365.85;368.8;364.55;1256759365.0;3427320;2020-07-07 23:59:59
2020-07-08;366.0;366.15;366.8;362.75;1041131902.5;2852700;2020-07-08 23:59:59
2020-07-09;366.85;364.25;367.45;360.65;1438738826.5;3948680;2020-07-09 23:59:59
2020-07-10;361.05;364.0;364.5;356.8;1530573440.0;4244590;2020-07-10 23:59:59
2020-07-13;366.0;354.95;367.4;354.3;1803474291.0;5009880;2020-07-13 23:59:59
2020-07-14;355.95;355.0;355.95;349.05;2616512363.5;7437920;2020-07-14 23:59:59
2020-07-15;355.1;358.45;362.95;353.35;2994067546.0;8347910;2020-07-15 23:59:59
2020-07-16;357.0;361.1;361.45;355.85;1023272650.0;2854850;2020-07-16 23:59:59
2020-07-17;361.0;359.85;362.25;358.35;774257898.5;2152460;2020-07-17 23:59:59
2020-07-20;359.35;361.35;361.65;355.9;1360944570.5;3791780;2020-07-20 23:59:59
2020-07-21;362.5;364.45;367.75;362.2;1929139323.5;5282220;2020-07-21 23:59:59
2020-07-22;364.0;364.7;366.8;362.2;1234579133.0;3386370;2020-07-22 23:59:59
2020-07-23;366.0;360.0;366.55;358.1;1175008317.5;3228630;2020-07-23 23:59:59
2020-07-24;358.2;359.75;360.7;357.4;1610632243.0;4487370;2020-07-24 23:59:59
2020-07-27;361.0;358.25;361.0;356.3;1610830331.0;4490460;2020-07-27 23:59:59
2020-07-28;358.95;355.4;359.3;355.0;1458686418.0;4091640;2020-07-28 23:59:59
2020-07-29;356.0;360.4;360.4;355.45;1963090191.5;5483830;2020-07-29 23:59:59
2020-07-30;359.05;355.85;359.6;352.6;2015026531.0;5663350;2020-07-30 23:59:59
2020-07-31;356.0;356.9;358.2;353.5;1431736627.0;4021490;2020-07-31 23:59:59
2020-08-03;356.0;356.45;358.35;355.25;1330456092.0;3730310;2020-08-03 23:59:59
2020-08-04;356.5;359.8;360.7;355.0;1690415448.0;4723740;2020-08-04 23:59:59
2020-08-05;361.0;364.5;365.6;359.0;2879730385.5;7946580;2020-08-05 23:59:59
2020-08-06;365.05;369.0;374.85;362.45;2246807012.5;6136500;2020-08-06 23:59:59
2020-08-07;367.8;367.15;370.5;365.2;1776330399.0;4826180;2020-08-07 23:59:59
2020-08-10;367.95;368.25;370.95;366.6;1232386671.0;3341230;2020-08-10 23:59:59
2020-08-11;369.0;367.2;371.85;366.7;2295344820.5;6201990;2020-08-11 23:59:59
2020-08-12;369.0;377.85;379.05;368.55;2777635074.0;7432810;2020-08-12 23:59:59
2020-08-13;379.0;387.3;389.7;376.0;4070585646.0;10592250;2020-08-13 23:59:59
2020-08-14;387.5;387.95;390.0;382.65;2352819135.5;6088640;2020-08-14 23:59:59
2020-08-17;389.5;389.55;393.1;383.2;2551765735.0;6546720;2020-08-17 23:59:59
2020-08-18;388.0;391.85;394.3;386.15;2196029440.0;5600460;2020-08-18 23:59:59
2020-08-19;392.4;388.5;393.25;385.4;1509305311.5;3868960;2020-08-19 23:59:59
2020-08-20;385.1;381.6;386.3;379.1;2007685547.0;5242640;2020-08-20 23:59:59
2020-08-21;382.05;382.8;386.2;377.6;1568330611.5;4100350;2020-08-21 23:59:59
2020-08-24;384.55;388.65;388.7;383.25;1256102511.0;3243240;2020-08-24 23:59:59
2020-08-25;389.5;392.8;393.45;386.7;2337568134.5;5975530;2020-08-25 23:59:59
2020-08-26;393.05;397.5;398.5;391.9;2237947434.0;5660100;2020-08-26 23:59:59
2020-08-27;397.95;389.65;399.0;388.3;1528480737.5;3889140;2020-08-27 23:59:59
2020-08-28;389.9;380.65;391.2;378.8;1342262443.0;3497930;2020-08-28 23:59:59
2020-08-31;382.0;373.2;385.0;371.25;2831941264.0;7521510;2020-08-31 23:59:59
2020-09-01;375.3;373.9;375.45;369.8;1326562951.0;3558470;2020-09-01 23:59:59
2020-09-02;374.15;371.5;377.5;367.3;1685820766.5;4525330;2020-09-02 23:59:59
2020-09-03;371.0;366.2;372.35;363.3;1764580674.5;4804100;2020-09-03 23:59:59
2020-09-04;365.75;372.5;372.8;365.0;2089568956.0;5655120;2020-09-04 23:59:59
2020-09-07;370.0;371.4;373.4;367.45;1266267366.5;3419960;2020-09-07 23:59:59
2020-09-08;370.15;367.9;372.65;364.5;1850551318.5;5021740;2020-09-08 23:59:59
2020-09-09;367.7;371.8;372.75;367.35;1701905790.5;4596650;2020-09-09 23:59:59
2020-09-10;372.05;366.9;373.0;365.65;1569968059.5;4262650;2020-09-10 23:59:59
2020-09-11;367.0;370.05;371.7;365.5;1195886874.5;3236060;2020-09-11 23:59:59
2020-09-14;372.0;374.45;376.9;370.65;1227772167.0;3276980;2020-09-14 23:59:59
2020-09-15;374.0;385.3;385.7;373.1;1540434123.5;4048030;2020-09-15 23:59:59
2020-09-16;386.05;385.75;389.9;381.8;1910105464.0;4944730;2020-09-16 23:59:59
2020-09-17;383.0;382.55;384.15;378.65;2031126961.5;5337090;2020-09-17 23:59:59
2020-09-18;382.9;376.5;384.0;374.5;1579094180.0;4167400;2020-09-18 23:59:59
2020-09-21;376.0;368.3;376.0;363.4;2498117429.5;6772510;2020-09-21 23:59:59
2020-09-22;367.7;374.8;375.7;366.75;1550966997.5;4164420;2020-09-22 23:59:59
2020-09-23;375.8;370.75;379.55;370.15;1432703228.5;3812730;2020-09-23 23:59:59
2020-09-24;373.2;376.7;379.0;369.15;1460724828.5;3899530;2020-09-24 23:59:59
2020-09-25;379.0;381.4;381.5;376.95;1687111947.5;4445740;2020-09-25 23:59:59
2020-09-28;382.35;385.9;386.45;380.45;1320764781.0;3439130;2020-09-28 23:59:59
2020-09-29;386.0;384.0;389.4;380.8;1747493194.5;4544310;2020-09-29 23:59:59
2020-09-30;382.95;383.0;387.95;381.7;1427513939.0;3705240;2020-09-30 23:59:59
2020-10-01;386.85;385.45;389.1;382.1;2162519878.5;5605640;2020-10-01 23:59:59
2020-10-02;383.5;380.45;384.2;378.1;1907271773.5;5010190;2020-10-02 23:59:59
2020-10-05;382.95;390.6;390.7;381.25;2218986863.5;5735200;2020-10-05 23:59:59
2020-10-06;392.0;390.2;395.7;389.85;1805663131.5;4592340;2020-10-06 23:59:59
2020-10-07;390.0;388.85;392.95;385.45;1594725979.0;4112860;2020-10-07 23:59:59
2020-10-08;390.0;392.5;394.2;386.1;1580737171.5;4043080;2020-10-08 23:59:59
2020-10-09;393.0;386.55;393.0;383.8;1188272499.0;3073540;2020-10-09 23:59:59
2020-10-12;386.1;384.15;387.15;382.7;1701588940.0;4427040;2020-10-12 23:59:59
2020-10-13;384.3;378.85;384.5;378.15;966894493.0;2537000;2020-10-13 23:59:59
2020-10-14;379.0;385.4;385.95;376.4;1153377616.5;3024710;2020-10-14 23:59:59
2020-10-15;384.2;380.2;384.95;379.2;1375792444.5;3617750;2020-10-15 23:59:59
2020-10-16;378.75;382.95;384.35;377.95;1280807713.0;3356910;2020-10-16 23:59:59
2020-10-19;385.25;381.55;385.6;379.5;1189498438.0;3105900;2020-10-19 23:59:59
2020-10-20;380.1;384.6;385.5;380.0;862024443.0;2249100;2020-10-20 23:59:59
2020-10-21;384.6;383.55;385.3;381.35;909764405.0;2373960;2020-10-21 23:59:59
2020-10-22;382.9;381.8;384.85;380.0;1110030182.0;2908960;2020-10-22 23:59:59
2020-10-23;381.8;379.85;381.8;378.5;914465781.5;2407290;2020-10-23 23:59:59
2020-10-26;376.8;374.55;378.0;373.6;1065246274.0;2834990;2020-10-26 23:59:59
2020-10-27;375.0;372.5;376.9;372.05;1143015165.0;3056710;2020-10-27 23:59:59
2020-10-28;371.85;350.9;371.85;350.5;3519650016.0;9829480;2020-10-28 23:59:59
2020-10-29;353.1;353.0;354.2;345.0;2811888456.0;8015380;2020-10-29 23:59:59
2020-10-30;349.0;349.8;352.35;343.6;2001396193.0;5728580;2020-10-30 23:59:59
2020-11-02;346.05;359.2;359.55;342.1;2985637273.5;8455340;2020-11-02 23:59:59
2020-11-03;360.0;374.0;376.8;358.35;2985535398.5;8068840;2020-11-03 23:59:59
2020-11-05;378.3;382.4;386.9;372.35;3590290613.5;9371750;2020-11-05 23:59:59
2020-11-06;380.25;382.35;384.7;378.15;2456582876.0;6424710;2020-11-06 23:59:59
2020-11-09;385.65;395.4;405.0;378.15;6270004442.0;15986400;2020-11-09 23:59:59
2020-11-10;395.4;414.55;418.85;392.25;4487309208.5;11053520;2020-11-10 23:59:59
2020-11-11;416.4;419.35;429.0;415.85;6842907231.0;16144380;2020-11-11 23:59:59
2020-11-12;418.0;412.3;419.65;410.55;3207389026.5;7715290;2020-11-12 23:59:59
2020-11-13;412.3;419.35;419.35;408.55;2636032229.0;6389440;2020-11-13 23:59:59
2020-11-16;425.0;430.95;435.45;415.65;5529381630.0;12999200;2020-11-16 23:59:59
2020-11-17;430.9;438.85;441.5;419.8;6521482890.0;15122320;2020-11-17 23:59:59
2020-11-18;438.0;452.9;460.0;436.25;8698211279.0;19290660;2020-11-18 23:59:59
2020-11-19;452.15;451.85;454.1;443.05;4288112044.5;9551230;2020-11-19 23:59:59
2020-11-20;450.5;464.8;465.0;446.15;6112812529.5;13303290;2020-11-20 23:59:59
2020-11-23;467.3;469.6;472.25;463.65;5257926702.5;11212830;2020-11-23 23:59:59
2020-11-24;472.5;472.2;474.9;462.3;4213909388.0;8983210;2020-11-24 23:59:59
2020-11-25;473.1;473.3;474.8;467.6;3230343804.5;6846430;2020-11-25 23:59:59
2020-11-26;473.3;464.75;473.8;463.8;2785259309.5;5962140;2020-11-26 23:59:59
2020-11-27;465.0;461.2;466.4;456.65;2818388399.5;6127800;2020-11-27 23:59:59
2020-11-30;457.0;449.5;458.0;444.6;4167298902.0;9270330;2020-11-30 23:59:59
2020-12-01;448.75;446.4;452.3;441.8;3503562790.5;7844700;2020-12-01 23:59:59
2020-12-02;445.55;448.75;451.8;439.3;3018289850.0;6806570;2020-12-02 23:59:59
2020-12-03;448.5;435.35;450.0;428.2;4708582773.5;10753510;2020-12-03 23:59:59
2020-12-04;439.8;444.8;447.3;437.0;3801603011.5;8602710;2020-12-04 23:59:59
2020-12-07;444.6;439.45;445.45;437.55;2216975103.0;5019210;2020-12-07 23:59:59
2020-12-08;437.7;432.75;438.1;426.7;3100068788.0;7171410;2020-12-08 23:59:59
2020-12-09;432.55;435.6;441.75;429.6;3339815834.0;7638280;2020-12-09 23:59:59
2020-12-10;434.9;450.9;452.15;434.5;3615285209.0;8115030;2020-12-10 23:59:59
2020-12-11;452.0;447.25;454.0;445.0;3050780379.5;6779290;2020-12-11 23:59:59
2020-12-14;449.95;441.8;459.4;438.6;4657867564.0;10347360;2020-12-14 23:59:59
2020-12-15;439.0;451.5;451.5;435.85;3663333340.5;8233220;2020-12-15 23:59:59
2020-12-16;452.0;444.4;456.4;437.5;4397590272.5;9849100;2020-12-16 23:59:59
2020-12-17;445.5;442.65;447.95;438.8;4089424442.5;9232940;2020-12-17 23:59:59
2020-12-18;441.0;440.65;443.95;438.9;3864336735.0;8758690;2020-12-18 23:59:59
2020-12-21;435.1;423.95;437.4;417.45;5536577609.0;13037520;2020-12-21 23:59:59
2020-12-22;419.0;430.7;435.45;417.75;3251491349.0;7584660;2020-12-22 23:59:59
2020-12-23;430.0;430.15;434.5;427.0;2258580148.5;5243500;2020-12-23 23:59:59
2020-12-24;431.2;436.35;438.0;429.2;1480206978.5;3408170;2020-12-24 23:59:59
2020-12-25;438.0;436.25;438.0;433.0;453162802.5;1041010;2020-12-25 23:59:59
2020-12-28;436.25;435.65;439.95;434.35;883611072.5;2020880;2020-12-28 23:59:59
