<DATE>;<TIME>;<OPEN>;<HIGH>;<LOW>;<CLOSE>;<VOL>
02/07/20;00:00;1792.0000000;1792.0000000;1610.0000000;1666.0000000;307363
03/07/20;00:00;1682.0000000;1776.6000000;1665.0000000;1754.8000000;372035
06/07/20;00:00;1803.2000000;1918.0000000;1763.8000000;1852.0000000;915188
07/07/20;00:00;1899.0000000;1927.4000000;1852.0000000;1873.0000000;643193
08/07/20;00:00;1880.0000000;1889.8000000;1835.0000000;1838.6000000;136683
09/07/20;00:00;1845.0000000;1855.0000000;1782.6000000;1808.0000000;165055
10/07/20;00:00;1804.0000000;1838.0000000;1803.4000000;1811.8000000;88820
13/07/20;00:00;1822.4000000;1838.0000000;1818.0000000;1822.0000000;90603
14/07/20;00:00;1823.0000000;1824.8000000;1781.4000000;1786.6000000;95013
15/07/20;00:00;1790.0000000;1845.0000000;1790.0000000;1811.8000000;117678
16/07/20;00:00;1801.4000000;1822.0000000;1801.4000000;1821.0000000;43330
17/07/20;00:00;1825.0000000;1840.0000000;1808.0000000;1827.0000000;101119
20/07/20;00:00;1827.0000000;1841.6000000;1810.2000000;1822.0000000;103368
21/07/20;00:00;1830.0000000;1878.6000000;1830.0000000;1851.2000000;168971
22/07/20;00:00;1855.2000000;1874.2000000;1835.6000000;1863.0000000;181213
23/07/20;00:00;1886.0000000;1915.6000000;1876.6000000;1911.0000000;330180
24/07/20;00:00;1912.0000000;1915.8000000;1882.8000000;1906.2000000;204869
27/07/20;00:00;1915.8000000;1935.0000000;1905.2000000;1915.0000000;183102
28/07/20;00:00;1915.2000000;1990.6000000;1915.0000000;1985.0000000;168197
29/07/20;00:00;2020.6000000;2021.6000000;1985.0000000;2005.8000000;259106
30/07/20;00:00;2018.8000000;2026.0000000;1970.2000000;1990.0000000;119237
31/07/20;00:00;2004.0000000;2022.0000000;1960.0000000;1975.0000000;117978
03/08/20;00:00;2001.2000000;2051.2000000;1994.2000000;2028.0000000;271084
04/08/20;00:00;2049.8000000;2062.0000000;2016.0000000;2043.0000000;226814
05/08/20;00:00;2054.8000000;2054.8000000;2025.0000000;2031.4000000;175816
06/08/20;00:00;2039.6000000;2040.0000000;1980.0000000;1985.0000000;265695
07/08/20;00:00;2008.4000000;2010.0000000;1972.0000000;1986.0000000;164251
10/08/20;00:00;1999.8000000;2009.0000000;1970.0000000;1999.4000000;116975
11/08/20;00:00;2000.0000000;2008.0000000;1970.0000000;1973.0000000;286111
12/08/20;00:00;1974.0000000;1989.4000000;1957.0000000;1986.6000000;132904
13/08/20;00:00;1990.0000000;2055.0000000;1975.0000000;2044.0000000;396169
14/08/20;00:00;2042.4000000;2085.0000000;2015.0000000;2079.8000000;344086
17/08/20;00:00;2086.8000000;2145.8000000;2080.0000000;2106.0000000;553436
18/08/20;00:00;2109.8000000;2138.4000000;2060.2000000;2080.0000000;305196
19/08/20;00:00;2085.8000000;2195.0000000;2083.0000000;2163.0000000;583979
20/08/20;00:00;2169.4000000;2189.2000000;2110.0000000;2128.8000000;454478
21/08/20;00:00;2148.8000000;2224.0000000;2120.2000000;2150.0000000;538357
24/08/20;00:00;2174.8000000;2214.8000000;2172.2000000;2182.6000000;416076
25/08/20;00:00;2192.0000000;2344.8000000;2190.0000000;2314.0000000;752539
26/08/20;00:00;2350.0000000;2360.0000000;2282.2000000;2337.6000000;1113914
27/08/20;00:00;2348.0000000;2448.0000000;2304.0000000;2335.2000000;1023040
28/08/20;00:00;2340.0000000;2359.0000000;2262.8000000;2299.0000000;599807
31/08/20;00:00;2314.2000000;2364.8000000;2304.8000000;2350.0000000;365700
01/09/20;00:00;2364.8000000;2415.8000000;2341.0000000;2390.0000000;526733
02/09/20;00:00;2403.4000000;2418.0000000;2310.8000000;2316.8000000;447650
03/09/20;00:00;2321.0000000;2375.0000000;2230.0000000;2268.0000000;524341
04/09/20;00:00;2255.6000000;2310.0000000;2160.0000000;2200.0000000;686244
07/09/20;00:00;2220.0000000;2223.6000000;2169.8000000;2182.2000000;287688
08/09/20;00:00;2200.0000000;2205.0000000;2069.2000000;2110.2000000;574521
09/09/20;00:00;2106.6000000;2170.0000000;2072.4000000;2143.0000000;371264
10/09/20;00:00;2169.0000000;2181.2000000;2117.0000000;2138.2000000;280920
11/09/20;00:00;2145.2000000;2155.6000000;2120.0000000;2129.0000000;252689
14/09/20;00:00;2141.8000000;2247.0000000;2136.2000000;2210.0000000;460891
15/09/20;00:00;2237.4000000;2288.0000000;2211.6000000;2228.8000000;414885
16/09/20;00:00;2235.0000000;2259.8000000;2166.0000000;2177.0000000;490152
17/09/20;00:00;2160.0000000;2222.0000000;2134.0000000;2222.0000000;657544
18/09/20;00:00;2192.0000000;2224.0000000;2172.4000000;2220.0000000;347154
21/09/20;00:00;2222.0000000;2238.0000000;2170.2000000;2202.4000000;413107
22/09/20;00:00;2202.2000000;2357.6000000;2188.0000000;2307.2000000;875397
23/09/20;00:00;2350.2000000;2439.8000000;2206.2000000;2325.2000000;1844103
24/09/20;00:00;2296.8000000;2296.8000000;2179.0000000;2216.6000000;2175024
25/09/20;00:00;2227.0000000;2229.4000000;2163.0000000;2200.0000000;692691
28/09/20;00:00;2183.0000000;2240.0000000;2170.0000000;2210.0000000;797180
29/09/20;00:00;2218.0000000;2219.4000000;2135.0000000;2156.2000000;1012171
30/09/20;00:00;2143.0000000;2147.4000000;2115.0000000;2135.0000000;833900
01/10/20;00:00;2148.8000000;2174.8000000;2127.0000000;2156.4000000;409838
02/10/20;00:00;2148.8000000;2219.0000000;2117.2000000;2201.4000000;602789
05/10/20;00:00;2220.0000000;2224.8000000;2178.6000000;2198.2000000;404522
06/10/20;00:00;2200.0000000;2202.0000000;2152.0000000;2156.4000000;369914
07/10/20;00:00;2170.2000000;2175.0000000;2132.4000000;2152.6000000;249829
08/10/20;00:00;2160.0000000;2196.4000000;2157.0000000;2170.8000000;423617
09/10/20;00:00;2183.2000000;2185.4000000;2150.4000000;2167.8000000;276065
12/10/20;00:00;2171.2000000;2250.0000000;2170.0000000;2239.0000000;777269
13/10/20;00:00;2244.8000000;2283.4000000;2235.2000000;2268.0000000;757343
14/10/20;00:00;2270.4000000;2292.0000000;2241.6000000;2266.8000000;364850
15/10/20;00:00;2269.0000000;2270.0000000;2242.6000000;2256.8000000;300010
16/10/20;00:00;2256.0000000;2318.4000000;2250.0000000;2289.0000000;523357
19/10/20;00:00;2300.0000000;2324.8000000;2275.4000000;2295.6000000;386100
20/10/20;00:00;2297.8000000;2305.0000000;2261.0000000;2269.0000000;282211
21/10/20;00:00;2270.0000000;2273.6000000;2241.8000000;2257.4000000;274580
22/10/20;00:00;2252.0000000;2274.2000000;2228.4000000;2249.8000000;348922
23/10/20;00:00;2232.4000000;2250.6000000;2224.4000000;2242.0000000;375004
26/10/20;00:00;2230.0000000;2320.0000000;2150.0000000;2163.0000000;867358
27/10/20;00:00;2175.0000000;2180.0000000;2102.0000000;2151.0000000;1295753
28/10/20;00:00;2141.0000000;2159.0000000;2071.2000000;2109.0000000;745476
29/10/20;00:00;2114.8000000;2248.2000000;2099.8000000;2127.6000000;370007
30/10/20;00:00;2117.8000000;2117.8000000;2080.0000000;2090.0000000;321898
02/11/20;00:00;2096.0000000;2137.4000000;2071.0000000;2119.8000000;431847
03/11/20;00:00;2134.8000000;2148.8000000;2100.0000000;2119.8000000;478646
05/11/20;00:00;2125.6000000;2200.0000000;2125.6000000;2196.2000000;905713
06/11/20;00:00;2185.0000000;2253.6000000;2159.0000000;2242.0000000;588792
09/11/20;00:00;2260.4000000;2291.0000000;2236.0000000;2264.0000000;867678
10/11/20;00:00;2268.2000000;2297.4000000;2202.0000000;2250.0000000;920956
11/11/20;00:00;2310.0000000;2333.8000000;2210.4000000;2234.0000000;1896374
12/11/20;00:00;2240.0000000;2269.0000000;2205.8000000;2216.6000000;866174
13/11/20;00:00;2226.4000000;2244.4000000;2210.0000000;2227.0000000;569851
16/11/20;00:00;2229.8000000;2250.0000000;2178.6000000;2206.8000000;1078412
17/11/20;00:00;2198.0000000;2216.0000000;2161.0000000;2177.4000000;734321
18/11/20;00:00;2175.0000000;2193.0000000;2151.2000000;2166.0000000;745204
19/11/20;00:00;2174.2000000;2197.0000000;2132.6000000;2140.8000000;848127
20/11/20;00:00;2147.0000000;2164.4000000;2130.2000000;2155.0000000;692635
23/11/20;00:00;2167.0000000;2209.2000000;2160.0000000;2180.0000000;1118823
24/11/20;00:00;2190.0000000;2206.0000000;2152.0000000;2175.6000000;1149268
25/11/20;00:00;2179.4000000;2208.6000000;2170.0000000;2197.0000000;1464804
26/11/20;00:00;2200.0000000;2259.8000000;2191.0000000;2256.8000000;1389778
27/11/20;00:00;2260.6000000;2290.6000000;2248.2000000;2280.8000000;1327901
30/11/20;00:00;2290.0000000;2295.0000000;2169.8000000;2193.0000000;8514985
01/12/20;00:00;2206.6000000;2207.0000000;2157.8000000;2174.0000000;1229986
02/12/20;00:00;2171.2000000;2185.0000000;2152.4000000;2163.0000000;587842
03/12/20;00:00;2161.0000000;2174.0000000;2142.2000000;2160.0000000;668654
04/12/20;00:00;2171.4000000;2171.8000000;2130.0000000;2141.8000000;689972
07/12/20;00:00;2147.0000000;2150.0000000;2105.0000000;2114.8000000;711631
08/12/20;00:00;2110.0000000;2147.0000000;2095.6000000;2126.6000000;953310
09/12/20;00:00;2122.0000000;2137.0000000;2105.0000000;2110.4000000;674157
10/12/20;00:00;2114.2000000;2122.0000000;2085.4000000;2095.0000000;665762
11/12/20;00:00;2110.0000000;2133.2000000;2090.4000000;2111.0000000;680533
14/12/20;00:00;2114.4000000;2121.8000000;2080.0000000;2085.2000000;535145
15/12/20;00:00;2094.8000000;2095.0000000;2073.2000000;2086.0000000;467253
16/12/20;00:00;2082.0000000;2093.0000000;1978.4000000;2063.8000000;550856
17/12/20;00:00;2074.6000000;2077.8000000;2021.0000000;2049.6000000;731165
18/12/20;00:00;2049.0000000;2049.8000000;1980.0000000;2007.4000000;874774
21/12/20;00:00;2011.2000000;2029.8000000;1952.2000000;2000.8000000;927546
22/12/20;00:00;2009.6000000;2018.6000000;1965.8000000;1979.0000000;540760
23/12/20;00:00;1978.2000000;1995.0000000;1959.2000000;1973.2000000;451357
24/12/20;00:00;1973.0000000;1994.8000000;1960.0000000;1982.6000000;474717
25/12/20;00:00;1985.2000000;2047.6000000;1974.2000000;2025.0000000;624058
28/12/20;00:00;2034.8000000;2049.6000000;1990.2000000;1999.0000000;618072
29/12/20;00:00;2007.8000000;2010.0000000;1966.0000000;1975.8000000;652519
30/12/20;00:00;1977.4000000;1993.8000000;1970.0000000;1980.8000000;476873
04/01/21;00:00;1990.0000000;1999.0000000;1980.0000000;1984.8000000;392692
05/01/21;00:00;1989.0000000;2057.6000000;1979.0000000;2041.8000000;745005
06/01/21;00:00;2039.8000000;2077.0000000;1998.2000000;2005.6000000;825941
08/01/21;00:00;2013.0000000;2037.2000000;2005.0000000;2016.0000000;600224
11/01/21;00:00;2016.0000000;2073.0000000;2006.2000000;2059.0000000;775688
12/01/21;00:00;2063.8000000;2086.6000000;2015.8000000;2044.8000000;554443
13/01/21;00:00;2033.6000000;2049.0000000;2000.2000000;2017.4000000;448602
14/01/21;00:00;2012.2000000;2029.0000000;1940.4000000;1987.8000000;1144165
15/01/21;00:00;1979.2000000;1996.6000000;1950.2000000;1967.0000000;498506
18/01/21;00:00;1964.8000000;1988.0000000;1945.4000000;1958.6000000;485328
19/01/21;00:00;1965.4000000;1969.8000000;1924.0000000;1935.4000000;913306
20/01/21;00:00;1932.6000000;1968.2000000;1925.4000000;1966.2000000;400037
21/01/21;00:00;1962.0000000;1988.0000000;1934.2000000;1950.8000000;887546
22/01/21;00:00;1950.0000000;1963.0000000;1939.0000000;1951.0000000;380923
25/01/21;00:00;1952.0000000;1967.0000000;1943.2000000;1959.8000000;414373
26/01/21;00:00;1959.2000000;1984.0000000;1950.0000000;1979.4000000;491488
27/01/21;00:00;1985.4000000;2010.4000000;1961.2000000;1990.0000000;736262
28/01/21;00:00;1990.0000000;2003.8000000;1965.6000000;1979.2000000;560934
29/01/21;00:00;1974.8000000;1992.8000000;1920.2000000;1962.0000000;587278
01/02/21;00:00;1962.0000000;1987.0000000;1936.0000000;1977.0000000;543961
02/02/21;00:00;1976.0000000;2017.0000000;1971.4000000;1990.4000000;518247
03/02/21;00:00;1998.6000000;2025.0000000;1978.4000000;2014.8000000;448008
04/02/21;00:00;2018.0000000;2041.8000000;2012.2000000;2037.6000000;384430
05/02/21;00:00;2035.2000000;2052.0000000;2023.0000000;2042.0000000;389525
08/02/21;00:00;2042.0000000;2053.2000000;2019.0000000;2023.0000000;370670
09/02/21;00:00;2028.4000000;2035.0000000;2001.0000000;2013.6000000;315689
10/02/21;00:00;2025.8000000;2035.0000000;2010.2000000;2013.6000000;385312
11/02/21;00:00;2019.8000000;2029.8000000;2013.2000000;2020.2000000;233881
12/02/21;00:00;2025.0000000;2032.8000000;1977.0000000;2004.8000000;569616
15/02/21;00:00;2006.0000000;2027.6000000;2004.0000000;2021.2000000;229093
16/02/21;00:00;2024.0000000;2048.0000000;2006.4000000;2039.8000000;441171
17/02/21;00:00;2040.0000000;2053.0000000;2001.0000000;2024.2000000;465231
18/02/21;00:00;2015.2000000;2022.6000000;1993.2000000;1997.4000000;413517
19/02/21;00:00;1997.4000000;2032.8000000;1985.0000000;2018.8000000;286011
20/02/21;00:00;2021.8000000;2025.0000000;2010.0000000;2019.2000000;38733
22/02/21;00:00;2018.0000000;2023.8000000;1996.0000000;2002.4000000;320976
24/02/21;00:00;2003.0000000;2050.0000000;1995.2000000;2041.8000000;602434
25/02/21;00:00;2043.0000000;2047.2000000;2005.0000000;2007.6000000;280794
26/02/21;00:00;2008.0000000;2039.2000000;1987.6000000;2011.4000000;900672
01/03/21;00:00;2017.0000000;2022.2000000;2005.0000000;2013.0000000;207351
02/03/21;00:00;2010.0000000;2031.8000000;1998.0000000;2007.0000000;358293
03/03/21;00:00;2011.0000000;2024.0000000;2001.0000000;2010.0000000;221049
04/03/21;00:00;2016.6000000;2026.6000000;1936.6000000;1938.8000000;663395
05/03/21;00:00;1955.0000000;1955.0000000;1860.0000000;1908.2000000;756607
09/03/21;00:00;1901.8000000;1904.8000000;1860.2000000;1884.0000000;745188
10/03/21;00:00;1884.0000000;1914.6000000;1836.2000000;1851.8000000;797669
11/03/21;00:00;1852.2000000;1871.2000000;1841.2000000;1861.8000000;445134
12/03/21;00:00;1862.0000000;1867.0000000;1805.2000000;1827.0000000;996967
15/03/21;00:00;1825.0000000;1845.0000000;1808.2000000;1834.0000000;671355
16/03/21;00:00;1839.8000000;1840.8000000;1805.2000000;1810.2000000;675473
17/03/21;00:00;1813.0000000;1829.0000000;1800.0000000;1818.8000000;729379
18/03/21;00:00;1820.0000000;1824.0000000;1795.0000000;1804.0000000;646739
19/03/21;00:00;1805.8000000;1813.0000000;1780.4000000;1792.0000000;603077
22/03/21;00:00;1793.0000000;1799.2000000;1782.2000000;1794.2000000;379820
23/03/21;00:00;1790.6000000;1790.6000000;1742.4000000;1749.0000000;707190
24/03/21;00:00;1753.0000000;1763.8000000;1728.6000000;1741.2000000;398988
25/03/21;00:00;1745.2000000;1745.2000000;1700.2000000;1716.0000000;512575
26/03/21;00:00;1713.6000000;1741.4000000;1711.0000000;1732.0000000;431065
29/03/21;00:00;1733.8000000;1771.0000000;1731.2000000;1755.8000000;406811
30/03/21;00:00;1761.0000000;1789.8000000;1738.8000000;1750.0000000;511040
31/03/21;00:00;1750.8000000;1754.0000000;1714.4000000;1738.0000000;582620
01/04/21;00:00;1740.0000000;1759.6000000;1724.8000000;1751.8000000;402634
02/04/21;00:00;1760.0000000;1773.0000000;1750.2000000;1770.2000000;158859
05/04/21;00:00;1764.0000000;1800.0000000;1752.0000000;1790.2000000;254922
06/04/21;00:00;1788.0000000;1796.8000000;1745.6000000;1759.4000000;391742
07/04/21;00:00;1766.2000000;1771.0000000;1736.2000000;1748.0000000;344093
08/04/21;00:00;1748.0000000;1759.0000000;1731.4000000;1743.6000000;246472
09/04/21;00:00;1759.6000000;1759.6000000;1704.2000000;1717.2000000;472162
12/04/21;00:00;1719.8000000;1756.4000000;1714.6000000;1750.2000000;470006
13/04/21;00:00;1751.2000000;1799.0000000;1749.2000000;1787.2000000;511199
14/04/21;00:00;1785.0000000;1825.6000000;1757.6000000;1803.2000000;761943
15/04/21;00:00;1804.8000000;1805.0000000;1750.4000000;1765.0000000;644301
16/04/21;00:00;1769.0000000;1776.6000000;1740.2000000;1750.6000000;407929
19/04/21;00:00;1745.2000000;1755.2000000;1725.0000000;1739.0000000;329420
20/04/21;00:00;1743.2000000;1751.8000000;1701.4000000;1720.0000000;744202
21/04/21;00:00;1715.0000000;1721.6000000;1685.0000000;1695.0000000;803140
22/04/21;00:00;1698.0000000;1743.2000000;1692.6000000;1728.4000000;796544
23/04/21;00:00;1733.4000000;1746.0000000;1710.0000000;1735.2000000;347521
26/04/21;00:00;1739.4000000;1742.4000000;1721.4000000;1731.2000000;192524
27/04/21;00:00;1732.0000000;1748.0000000;1721.0000000;1722.2000000;259865
28/04/21;00:00;1728.8000000;1735.4000000;1703.0000000;1719.6000000;303975
29/04/21;00:00;1726.6000000;1738.8000000;1694.2000000;1707.0000000;492168
30/04/21;00:00;1709.6000000;1714.0000000;1674.4000000;1681.2000000;646024
04/05/21;00:00;1691.0000000;1695.0000000;1652.2000000;1662.8000000;529444
05/05/21;00:00;1666.0000000;1674.8000000;1656.0000000;1663.0000000;347153
06/05/21;00:00;1666.6000000;1666.8000000;1630.0000000;1642.6000000;619984
07/05/21;00:00;1647.0000000;1649.0000000;1621.8000000;1636.8000000;421577
10/05/21;00:00;1640.6000000;1641.2000000;1610.6000000;1613.0000000;308326
11/05/21;00:00;1616.0000000;1617.4000000;1567.6000000;1588.6000000;848005
12/05/21;00:00;1588.6000000;1594.8000000;1551.0000000;1553.0000000;645431
13/05/21;00:00;1553.0000000;1554.6000000;1502.8000000;1505.0000000;1036882
14/05/21;00:00;1511.2000000;1516.6000000;1465.8000000;1516.4000000;942160
17/05/21;00:00;1527.2000000;1532.8000000;1491.0000000;1516.8000000;710691
18/05/21;00:00;1520.8000000;1552.0000000;1509.0000000;1549.2000000;811947
19/05/21;00:00;1550.6000000;1554.2000000;1501.0000000;1517.0000000;526280
20/05/21;00:00;1518.0000000;1520.2000000;1500.2000000;1509.8000000;340911
21/05/21;00:00;1510.0000000;1546.0000000;1500.6000000;1530.6000000;422014
24/05/21;00:00;1530.6000000;1563.8000000;1530.0000000;1562.2000000;321404
25/05/21;00:00;1564.0000000;1573.8000000;1552.0000000;1570.0000000;331201
26/05/21;00:00;1573.6000000;1632.6000000;1572.2000000;1630.2000000;954488
27/05/21;00:00;1630.2000000;1709.0000000;1615.2000000;1680.0000000;1786185
28/05/21;00:00;1676.8000000;1697.8000000;1642.0000000;1669.6000000;709406
31/05/21;00:00;1674.6000000;1701.4000000;1665.6000000;1673.6000000;368876
01/06/21;00:00;1680.0000000;1717.0000000;1676.0000000;1693.4000000;515323
02/06/21;00:00;1694.0000000;1705.8000000;1672.2000000;1678.6000000;329439
03/06/21;00:00;1687.2000000;1689.0000000;1660.0000000;1673.6000000;309199
04/06/21;00:00;1673.8000000;1681.4000000;1639.2000000;1669.8000000;290302
07/06/21;00:00;1674.6000000;1674.6000000;1652.2000000;1663.0000000;214502
08/06/21;00:00;1662.0000000;1683.6000000;1660.0000000;1662.6000000;293967
09/06/21;00:00;1666.8000000;1680.0000000;1658.0000000;1670.0000000;270701
10/06/21;00:00;1670.6000000;1673.4000000;1654.0000000;1664.0000000;327171
11/06/21;00:00;1665.6000000;1668.2000000;1628.0000000;1637.8000000;320821
14/06/21;00:00;1640.8000000;1644.6000000;1625.4000000;1636.6000000;142312
15/06/21;00:00;1636.6000000;1637.4000000;1616.6000000;1618.0000000;246525
16/06/21;00:00;1615.2000000;1624.4000000;1597.0000000;1600.6000000;580801
17/06/21;00:00;1603.0000000;1642.8000000;1587.8000000;1631.4000000;401455
18/06/21;00:00;1638.0000000;1646.8000000;1611.8000000;1624.2000000;373970
21/06/21;00:00;1630.8000000;1643.2000000;1608.2000000;1614.0000000;274223
22/06/21;00:00;1621.0000000;1621.2000000;1592.0000000;1601.0000000;389909
23/06/21;00:00;1602.2000000;1609.0000000;1581.8000000;1602.2000000;349094
24/06/21;00:00;1604.4000000;1604.4000000;1581.4000000;1590.0000000;244223
25/06/21;00:00;1593.8000000;1620.0000000;1588.8000000;1610.8000000;241976
28/06/21;00:00;1610.8000000;1630.0000000;1602.0000000;1627.2000000;309855
29/06/21;00:00;1628.0000000;1645.0000000;1591.4000000;1622.0000000;427988
30/06/21;00:00;1616.0000000;1664.0000000;1605.4000000;1655.6000000;397655
01/07/21;00:00;1657.2000000;1677.6000000;1643.4000000;1669.4000000;361049
02/07/21;00:00;1670.0000000;1679.0000000;1650.0000000;1661.2000000;199716
05/07/21;00:00;1667.8000000;1668.8000000;1637.2000000;1658.0000000;193552
06/07/21;00:00;1658.0000000;1665.2000000;1643.4000000;1649.0000000;350720
07/07/21;00:00;1650.4000000;1669.2000000;1646.8000000;1649.0000000;259954
08/07/21;00:00;1649.0000000;1650.4000000;1623.6000000;1629.8000000;300085
09/07/21;00:00;1626.6000000;1641.0000000;1605.0000000;1616.0000000;233526
12/07/21;00:00;1614.6000000;1620.6000000;1599.4000000;1619.6000000;181586
13/07/21;00:00;1619.4000000;1650.0000000;1612.2000000;1642.4000000;216623
14/07/21;00:00;1647.8000000;1647.8000000;1606.0000000;1607.0000000;291297
15/07/21;00:00;1606.0000000;1618.8000000;1578.0000000;1585.2000000;437482
16/07/21;00:00;1594.8000000;1604.0000000;1557.6000000;1560.8000000;277366
19/07/21;00:00;1561.4000000;1567.4000000;1513.4000000;1528.6000000;451228
20/07/21;00:00;1534.8000000;1543.0000000;1516.4000000;1534.0000000;205688
21/07/21;00:00;1536.0000000;1564.2000000;1525.8000000;1541.0000000;175222
22/07/21;00:00;1553.0000000;1557.8000000;1533.4000000;1549.0000000;172300
23/07/21;00:00;1549.8000000;1560.0000000;1525.0000000;1539.0000000;148757
26/07/21;00:00;1536.2000000;1547.2000000;1523.0000000;1544.0000000;140897
27/07/21;00:00;1544.0000000;1544.0000000;1508.8000000;1517.4000000;233678
28/07/21;00:00;1523.6000000;1554.6000000;1519.2000000;1548.6000000;192010
29/07/21;00:00;1555.0000000;1558.4000000;1515.4000000;1520.4000000;508863
30/07/21;00:00;1517.6000000;1523.2000000;1500.6000000;1514.8000000;430663
02/08/21;00:00;1519.2000000;1520.6000000;1500.4000000;1506.4000000;250450
03/08/21;00:00;1506.4000000;1508.8000000;1470.0000000;1481.4000000;513667
04/08/21;00:00;1483.2000000;1491.8000000;1478.4000000;1487.8000000;205847
05/08/21;00:00;1490.4000000;1508.0000000;1480.4000000;1507.0000000;239633
06/08/21;00:00;1507.8000000;1526.0000000;1495.6000000;1506.0000000;266920
09/08/21;00:00;1504.2000000;1521.6000000;1495.4000000;1505.6000000;183866
10/08/21;00:00;1510.2000000;1519.2000000;1502.0000000;1515.0000000;252210
11/08/21;00:00;1518.8000000;1549.0000000;1513.4000000;1543.0000000;353070
12/08/21;00:00;1549.4000000;1553.8000000;1525.8000000;1536.6000000;204407
13/08/21;00:00;1536.6000000;1539.0000000;1508.2000000;1513.8000000;217272
16/08/21;00:00;1513.8000000;1514.4000000;1486.0000000;1494.0000000;301687
17/08/21;00:00;1491.2000000;1500.0000000;1478.0000000;1488.8000000;263812
18/08/21;00:00;1490.0000000;1496.2000000;1480.0000000;1482.0000000;181284
19/08/21;00:00;1481.0000000;1487.6000000;1466.0000000;1482.6000000;337864
20/08/21;00:00;1483.0000000;1483.0000000;1438.6000000;1441.6000000;466932
23/08/21;00:00;1444.8000000;1456.4000000;1413.8000000;1426.2000000;436935
24/08/21;00:00;1432.0000000;1438.8000000;1419.0000000;1436.4000000;288082
25/08/21;00:00;1437.0000000;1449.4000000;1426.4000000;1436.0000000;369496
26/08/21;00:00;1435.0000000;1442.6000000;1421.0000000;1432.2000000;208221
27/08/21;00:00;1432.2000000;1436.0000000;1420.0000000;1430.2000000;219027
30/08/21;00:00;1430.2000000;1443.8000000;1425.2000000;1436.0000000;192590
31/08/21;00:00;1440.0000000;1486.8000000;1438.4000000;1484.4000000;698413
01/09/21;00:00;1488.0000000;1521.2000000;1469.0000000;1519.0000000;602714
02/09/21;00:00;1514.8000000;1545.2000000;1505.6000000;1535.2000000;451711
03/09/21;00:00;1542.2000000;1544.0000000;1506.0000000;1541.0000000;274721
06/09/21;00:00;1541.0000000;1561.0000000;1531.2000000;1541.2000000;302195
07/09/21;00:00;1542.0000000;1547.6000000;1512.0000000;1536.0000000;296865
08/09/21;00:00;1539.2000000;1542.4000000;1522.6000000;1529.8000000;230097
09/09/21;00:00;1525.0000000;1530.2000000;1512.2000000;1514.8000000;202724
10/09/21;00:00;1518.0000000;1534.8000000;1515.4000000;1530.8000000;199093
13/09/21;00:00;1533.2000000;1592.4000000;1530.2000000;1586.4000000;613423
14/09/21;00:00;1590.0000000;1594.8000000;1564.8000000;1571.2000000;457639
15/09/21;00:00;1577.6000000;1586.0000000;1553.4000000;1557.2000000;229283
16/09/21;00:00;1557.4000000;1572.0000000;1540.2000000;1559.2000000;359493
17/09/21;00:00;1566.6000000;1582.8000000;1558.2000000;1570.4000000;340402
20/09/21;00:00;1570.2000000;1576.2000000;1515.0000000;1521.4000000;411345
21/09/21;00:00;1527.6000000;1546.8000000;1516.2000000;1535.0000000;250749
22/09/21;00:00;1540.0000000;1540.2000000;1521.4000000;1537.8000000;202833
23/09/21;00:00;1541.8000000;1544.4000000;1501.2000000;1515.0000000;356138
24/09/21;00:00;1513.0000000;1530.0000000;1508.0000000;1525.4000000;210060
27/09/21;00:00;1525.6000000;1530.2000000;1480.8000000;1487.0000000;389023
28/09/21;00:00;1489.8000000;1516.2000000;1477.8000000;1498.2000000;303863
29/09/21;00:00;1500.0000000;1503.2000000;1488.0000000;1497.2000000;133296
30/09/21;00:00;1503.2000000;1506.2000000;1481.0000000;1488.0000000;253361
01/10/21;00:00;1483.2000000;1487.6000000;1474.0000000;1481.8000000;165429
04/10/21;00:00;1484.0000000;1487.6000000;1448.2000000;1461.8000000;269232
05/10/21;00:00;1457.0000000;1478.4000000;1437.6000000;1466.0000000;298879
06/10/21;00:00;1466.0000000;1470.4000000;1431.2000000;1448.2000000;332168
07/10/21;00:00;1458.2000000;1495.0000000;1442.8000000;1495.0000000;351315
08/10/21;00:00;1495.2000000;1498.4000000;1460.0000000;1465.0000000;268731
11/10/21;00:00;1468.6000000;1470.2000000;1438.0000000;1456.6000000;308805
12/10/21;00:00;1456.6000000;1489.2000000;1447.2000000;1468.0000000;440577
13/10/21;00:00;1462.8000000;1478.4000000;1452.6000000;1473.2000000;215627
14/10/21;00:00;1476.8000000;1486.8000000;1470.0000000;1472.8000000;252264
15/10/21;00:00;1468.2000000;1499.6000000;1468.2000000;1495.0000000;281633
18/10/21;00:00;1499.0000000;1571.0000000;1491.0000000;1570.6000000;780974
19/10/21;00:00;1571.6000000;1591.0000000;1563.4000000;1573.8000000;488968
20/10/21;00:00;1572.0000000;1619.4000000;1572.0000000;1614.8000000;536853
21/10/21;00:00;1609.0000000;1618.6000000;1586.0000000;1596.2000000;367976
22/10/21;00:00;1602.6000000;1603.0000000;1538.0000000;1546.0000000;572028
25/10/21;00:00;1545.0000000;1555.8000000;1522.0000000;1547.0000000;389985
26/10/21;00:00;1557.0000000;1557.2000000;1509.0000000;1515.4000000;292053
27/10/21;00:00;1515.0000000;1546.2000000;1502.8000000;1540.2000000;382913
28/10/21;00:00;1539.0000000;1545.2000000;1484.6000000;1504.2000000;708834
29/10/21;00:00;1504.2000000;1509.0000000;1443.6000000;1461.2000000;685916
01/11/21;00:00;1473.0000000;1473.0000000;1439.8000000;1463.4000000;513701
02/11/21;00:00;1465.0000000;1469.0000000;1434.0000000;1441.4000000;404439
03/11/21;00:00;1442.4000000;1457.4000000;1437.2000000;1449.8000000;234928
05/11/21;00:00;1452.0000000;1453.4000000;1427.0000000;1438.0000000;222612
08/11/21;00:00;1442.0000000;1457.0000000;1426.2000000;1433.8000000;345328
09/11/21;00:00;1428.8000000;1435.6000000;1400.6000000;1405.0000000;565948
10/11/21;00:00;1409.0000000;1415.6000000;1371.6000000;1379.4000000;598352
11/11/21;00:00;1389.4000000;1397.2000000;1371.2000000;1391.0000000;385666
12/11/21;00:00;1395.0000000;1413.8000000;1378.0000000;1403.0000000;581613
15/11/21;00:00;1405.0000000;1414.0000000;1384.0000000;1388.8000000;314129
16/11/21;00:00;1393.4000000;1401.0000000;1378.0000000;1389.4000000;319555
17/11/21;00:00;1385.0000000;1400.0000000;1380.2000000;1380.8000000;253253
18/11/21;00:00;1380.8000000;1398.8000000;1376.4000000;1385.0000000;280243
19/11/21;00:00;1390.8000000;1395.0000000;1320.0000000;1325.8000000;1016709
22/11/21;00:00;1329.0000000;1339.2000000;1259.2000000;1280.0000000;1101739
23/11/21;00:00;1280.0000000;1296.0000000;1256.4000000;1295.0000000;765551
24/11/21;00:00;1305.0000000;1311.8000000;1266.8000000;1290.2000000;442730
25/11/21;00:00;1291.6000000;1301.6000000;1268.2000000;1279.0000000;326323
26/11/21;00:00;1268.0000000;1268.0000000;1203.0000000;1206.8000000;775285
29/11/21;00:00;1219.0000000;1265.4000000;1212.6000000;1244.8000000;661610
30/11/21;00:00;1210.0000000;1267.4000000;1210.0000000;1247.0000000;892553
01/12/21;00:00;1257.0000000;1300.0000000;1254.4000000;1264.8000000;570964
02/12/21;00:00;1270.4000000;1378.6000000;1260.0000000;1348.2000000;1872952
03/12/21;00:00;1346.8000000;1347.2000000;1212.4000000;1240.8000000;1832216
06/12/21;00:00;1245.4000000;1272.0000000;1155.0000000;1167.8000000;1203592
07/12/21;00:00;1165.0000000;1173.2000000;1088.2000000;1111.0000000;2139075
08/12/21;00:00;1121.8000000;1129.4000000;1016.4000000;1041.4000000;2375378
09/12/21;00:00;1042.8000000;1042.8000000;1001.2000000;1015.0000000;1805462
10/12/21;00:00;1018.4000000;1053.8000000;983.0000000;986.6000000;1406697
13/12/21;00:00;987.0000000;993.0000000;901.0000000;905.8000000;3177325
14/12/21;00:00;914.4000000;950.0000000;842.8000000;897.4000000;1784849
15/12/21;00:00;900.0000000;973.8000000;883.6000000;961.0000000;2233053
16/12/21;00:00;966.0000000;1019.0000000;951.4000000;982.8000000;2446215
17/12/21;00:00;983.4000000;1002.2000000;940.0000000;962.0000000;1109830
20/12/21;00:00;957.2000000;957.8000000;891.0000000;912.0000000;1132272
21/12/21;00:00;915.2000000;948.0000000;915.0000000;924.6000000;766397
22/12/21;00:00;925.0000000;929.6000000;895.0000000;912.2000000;917610
23/12/21;00:00;917.2000000;918.0000000;872.6000000;880.2000000;1592364
24/12/21;00:00;878.4000000;884.2000000;850.0000000;877.0000000;1703934
27/12/21;00:00;877.2000000;899.0000000;877.0000000;884.8000000;1136067
28/12/21;00:00;887.8000000;894.2000000;870.0000000;876.6000000;1012474
29/12/21;00:00;876.2000000;883.0000000;860.0000000;865.4000000;674672
30/12/21;00:00;865.4000000;874.0000000;859.4000000;872.4000000;390664
03/01/22;00:00;873.0000000;889.8000000;869.0000000;885.8000000;467181
04/01/22;00:00;885.2000000;888.6000000;865.2000000;874.0000000;580650
05/01/22;00:00;874.0000000;878.8000000;813.2000000;816.2000000;1320091
06/01/22;00:00;814.8000000;836.2000000;774.0000000;793.0000000;2258597
10/01/22;00:00;796.0000000;805.0000000;752.6000000;766.8000000;1338224
11/01/22;00:00;770.0000000;780.2000000;756.0000000;770.8000000;1341603
12/01/22;00:00;770.0000000;791.6000000;763.0000000;770.4000000;1678976
13/01/22;00:00;768.0000000;783.0000000;739.4000000;754.6000000;1513122
14/01/22;00:00;754.0000000;765.0000000;660.0000000;686.4000000;4356559
17/01/22;00:00;686.4000000;722.2000000;652.0000000;710.6000000;2461356
18/01/22;00:00;712.0000000;718.8000000;640.0000000;662.8000000;4020323
19/01/22;00:00;665.0000000;696.8000000;612.2000000;675.6000000;4364347
20/01/22;00:00;680.0000000;741.0000000;670.4000000;683.0000000;2822684
21/01/22;00:00;684.0000000;688.4000000;640.2000000;645.8000000;2456141
24/01/22;00:00;651.0000000;662.4000000;556.8000000;596.2000000;5360718
25/01/22;00:00;595.0000000;613.4000000;562.2000000;594.2000000;3143841
26/01/22;00:00;595.8000000;604.0000000;567.8000000;583.0000000;2973843
27/01/22;00:00;576.0000000;609.4000000;571.0000000;591.2000000;3582583
28/01/22;00:00;594.4000000;607.8000000;585.0000000;597.0000000;2296372
31/01/22;00:00;599.0000000;635.0000000;597.2000000;630.0000000;2904545
01/02/22;00:00;630.4000000;666.6000000;630.4000000;655.6000000;2948496
02/02/22;00:00;660.0000000;685.0000000;615.6000000;633.0000000;2999827
03/02/22;00:00;623.8000000;624.8000000;588.8000000;602.0000000;2681231
04/02/22;00:00;610.0000000;623.0000000;555.0000000;580.8000000;3017420
07/02/22;00:00;583.0000000;592.8000000;564.8000000;581.8000000;1389619
08/02/22;00:00;578.4000000;614.0000000;578.2000000;609.8000000;1416060
09/02/22;00:00;610.0000000;639.6000000;609.0000000;635.0000000;1495157
10/02/22;00:00;647.6000000;656.4000000;598.4000000;607.4000000;2667606
11/02/22;00:00;608.8000000;612.0000000;575.0000000;584.8000000;1772253
14/02/22;00:00;583.8000000;596.0000000;559.8000000;596.0000000;2040152
15/02/22;00:00;594.2000000;628.6000000;594.2000000;617.4000000;2076256
16/02/22;00:00;619.6000000;640.0000000;596.0000000;614.6000000;2152759
17/02/22;00:00;612.6000000;614.2000000;580.0000000;588.0000000;1613561
18/02/22;00:00;589.0000000;601.6000000;549.4000000;559.2000000;2196013
21/02/22;00:00;557.2000000;580.6000000;399.8000000;420.0000000;10781850
22/02/22;00:00;419.8000000;485.8000000;348.2000000;479.8000000;9240415
24/02/22;00:00;429.2000000;429.2000000;235.0000000;309.0000000;5102571
25/02/22;00:00;277.2000000;366.4000000;277.2000000;296.0000000;3471329
29/03/22;00:00;299.8000000;534.4000000;299.0000000;510.0000000;3370260
30/03/22;00:00;596.0000000;699.8000000;530.4000000;559.4000000;5816792
31/03/22;00:00;564.0000000;596.0000000;510.6000000;567.0000000;2579556
01/04/22;00:00;578.0000000;578.8000000;530.0000000;556.2000000;1238278
04/04/22;00:00;563.2000000;565.0000000;515.0000000;536.0000000;1117648
05/04/22;00:00;543.0000000;543.2000000;476.8000000;502.2000000;1303779
06/04/22;00:00;502.2000000;550.0000000;483.0000000;502.0000000;1799072
07/04/22;00:00;502.0000000;524.6000000;490.0000000;492.0000000;757546
08/04/22;00:00;506.0000000;523.0000000;486.0000000;497.8000000;854444
11/04/22;00:00;520.4000000;520.4000000;486.0000000;488.0000000;514762
12/04/22;00:00;489.8000000;490.8000000;454.8000000;468.8000000;529586
13/04/22;00:00;465.8000000;481.8000000;457.6000000;466.8000000;393778
14/04/22;00:00;468.4000000;473.6000000;426.0000000;430.2000000;562180
15/04/22;00:00;425.4000000;440.2000000;407.8000000;422.6000000;475414
18/04/22;00:00;424.4000000;467.4000000;423.0000000;426.0000000;927099
19/04/22;00:00;429.6000000;442.8000000;400.2000000;422.0000000;681876
20/04/22;00:00;434.6000000;459.6000000;413.0000000;437.8000000;1006404
21/04/22;00:00;440.4000000;444.4000000;421.6000000;425.4000000;325361
22/04/22;00:00;425.4000000;441.0000000;411.2000000;416.8000000;378375
25/04/22;00:00;409.6000000;425.0000000;360.2000000;370.6000000;843064
26/04/22;00:00;370.0000000;390.0000000;358.4000000;378.2000000;1100035
27/04/22;00:00;383.0000000;432.0000000;378.2000000;432.0000000;1700973
28/04/22;00:00;441.4000000;457.0000000;401.0000000;404.0000000;2897541
29/04/22;00:00;403.0000000;416.6000000;390.2000000;399.0000000;811832
04/05/22;00:00;404.0000000;417.8000000;386.0000000;386.8000000;635802
05/05/22;00:00;395.0000000;396.0000000;380.0000000;386.0000000;383293
06/05/22;00:00;387.8000000;388.8000000;370.0000000;374.6000000;325089
11/05/22;00:00;376.0000000;383.6000000;362.2000000;370.0000000;304582
12/05/22;00:00;371.0000000;371.0000000;326.4000000;338.4000000;513335
13/05/22;00:00;349.8000000;349.8000000;333.2000000;339.0000000;204558
16/05/22;00:00;345.0000000;355.0000000;341.2000000;349.0000000;284738
17/05/22;00:00;358.0000000;365.0000000;350.2000000;357.2000000;276895
18/05/22;00:00;362.0000000;384.4000000;355.4000000;375.2000000;563871
19/05/22;00:00;377.2000000;379.8000000;360.0000000;361.6000000;219465
20/05/22;00:00;363.0000000;370.0000000;349.0000000;350.2000000;331022
23/05/22;00:00;355.2000000;368.8000000;341.0000000;345.0000000;287436
24/05/22;00:00;349.0000000;349.0000000;324.0000000;335.6000000;264982
25/05/22;00:00;340.4000000;344.8000000;335.6000000;344.8000000;172799
26/05/22;00:00;346.8000000;364.4000000;345.0000000;351.4000000;424824
27/05/22;00:00;352.0000000;357.0000000;342.2000000;347.0000000;245180
30/05/22;00:00;348.8000000;357.8000000;340.0000000;340.2000000;254313
31/05/22;00:00;333.8000000;343.0000000;331.6000000;336.0000000;210962
01/06/22;00:00;336.4000000;346.0000000;331.0000000;333.4000000;256646
02/06/22;00:00;333.0000000;337.4000000;325.2000000;328.8000000;289643
03/06/22;00:00;330.0000000;330.6000000;303.8000000;307.8000000;567239
06/06/22;00:00;308.0000000;308.0000000;285.0000000;288.0000000;816872
07/06/22;00:00;284.8000000;289.2000000;266.0000000;280.2000000;756666
08/06/22;00:00;283.4000000;296.8000000;283.4000000;290.0000000;404245
09/06/22;00:00;285.4000000;288.8000000;275.8000000;279.0000000;310678
10/06/22;00:00;279.2000000;284.4000000;270.2000000;280.0000000;256510
14/06/22;00:00;275.2000000;278.8000000;257.4000000;269.0000000;349683
15/06/22;00:00;275.0000000;305.0000000;271.2000000;300.8000000;1714325
16/06/22;00:00;307.4000000;322.8000000;301.2000000;313.6000000;1300808
17/06/22;00:00;317.0000000;322.2000000;303.0000000;308.0000000;635276
20/06/22;00:00;309.2000000;315.8000000;302.2000000;310.0000000;365772
21/06/22;00:00;311.0000000;313.2000000;292.0000000;300.0000000;348583
22/06/22;00:00;296.4000000;297.8000000;287.4000000;292.8000000;232857
23/06/22;00:00;293.0000000;314.4000000;290.4000000;310.6000000;855826
24/06/22;00:00;311.4000000;311.8000000;297.8000000;302.8000000;353533
27/06/22;00:00;302.8000000;318.4000000;301.0000000;316.2000000;681779
28/06/22;00:00;315.8000000;339.0000000;315.0000000;338.4000000;1126839
29/06/22;00:00;339.0000000;339.4000000;317.0000000;324.0000000;513440
30/06/22;00:00;324.0000000;330.0000000;292.0000000;302.4000000;729316
01/07/22;00:00;300.0000000;308.6000000;292.0000000;303.0000000;333415
04/07/22;00:00;303.0000000;325.0000000;301.6000000;315.6000000;651009
05/07/22;00:00;319.0000000;321.2000000;308.0000000;314.8000000;330256
06/07/22;00:00;313.8000000;335.2000000;310.6000000;321.0000000;1385622
07/07/22;00:00;325.0000000;332.8000000;321.8000000;332.8000000;534402
08/07/22;00:00;336.0000000;341.6000000;323.2000000;328.8000000;458232
11/07/22;00:00;329.4000000;332.8000000;321.0000000;323.0000000;239379
12/07/22;00:00;322.8000000;322.8000000;304.2000000;319.8000000;450565
13/07/22;00:00;320.8000000;323.8000000;301.0000000;307.8000000;463040
14/07/22;00:00;306.0000000;312.2000000;297.0000000;300.8000000;302685
15/07/22;00:00;302.8000000;311.6000000;301.0000000;307.6000000;327898
18/07/22;00:00;312.4000000;327.0000000;306.0000000;322.2000000;505676
19/07/22;00:00;325.0000000;325.8000000;311.4000000;319.6000000;227355
20/07/22;00:00;321.0000000;326.0000000;315.0000000;315.8000000;430806
21/07/22;00:00;317.0000000;319.0000000;306.2000000;311.4000000;271197
22/07/22;00:00;312.8000000;321.2000000;312.0000000;318.2000000;203123
25/07/22;00:00;320.2000000;360.2000000;315.6000000;360.2000000;2027423
26/07/22;00:00;362.2000000;410.0000000;361.0000000;410.0000000;3708982
27/07/22;00:00;416.0000000;424.0000000;390.0000000;400.0000000;2141299
28/07/22;00:00;402.8000000;420.0000000;392.4000000;414.4000000;1925238
29/07/22;00:00;415.0000000;419.2000000;399.0000000;409.0000000;1173296
01/08/22;00:00;408.0000000;413.0000000;385.0000000;391.0000000;747955
02/08/22;00:00;387.0000000;390.4000000;365.2000000;365.6000000;734954
03/08/22;00:00;365.6000000;402.4000000;365.2000000;402.4000000;1304230
04/08/22;00:00;409.6000000;431.4000000;407.0000000;413.8000000;2055487
05/08/22;00:00;415.6000000;421.2000000;383.2000000;387.6000000;1288792
08/08/22;00:00;408.4000000;419.6000000;401.4000000;411.8000000;767922
09/08/22;00:00;415.8000000;448.0000000;402.0000000;444.0000000;2024996
10/08/22;00:00;450.0000000;482.0000000;443.0000000;461.0000000;3092018
11/08/22;00:00;455.0000000;455.0000000;405.2000000;407.0000000;3546439
12/08/22;00:00;404.4000000;425.0000000;391.2000000;418.0000000;1943199
15/08/22;00:00;414.2000000;423.8000000;404.4000000;411.0000000;738090
16/08/22;00:00;413.8000000;415.6000000;407.0000000;413.8000000;485142
17/08/22;00:00;425.0000000;433.0000000;416.4000000;419.6000000;975696
18/08/22;00:00;422.0000000;422.0000000;411.4000000;416.2000000;262373
19/08/22;00:00;412.8000000;414.8000000;404.0000000;414.4000000;355476
22/08/22;00:00;415.0000000;430.2000000;410.2000000;421.8000000;772951
23/08/22;00:00;426.8000000;447.8000000;419.2000000;447.8000000;1434112
24/08/22;00:00;447.8000000;449.6000000;425.2000000;429.0000000;866758
25/08/22;00:00;430.8000000;440.0000000;430.0000000;433.2000000;363343
26/08/22;00:00;435.2000000;437.6000000;430.4000000;436.8000000;183252
29/08/22;00:00;436.0000000;439.8000000;426.2000000;433.0000000;409401
30/08/22;00:00;433.0000000;438.0000000;425.4000000;429.2000000;572692
31/08/22;00:00;431.0000000;441.0000000;412.2000000;428.0000000;592451
01/09/22;00:00;429.0000000;429.8000000;420.2000000;422.0000000;291534
02/09/22;00:00;422.8000000;424.0000000;415.0000000;419.6000000;434209
05/09/22;00:00;421.6000000;437.4000000;417.6000000;431.6000000;703776
06/09/22;00:00;433.6000000;436.0000000;400.6000000;418.0000000;1013767
07/09/22;00:00;421.8000000;433.8000000;417.6000000;422.0000000;675657
08/09/22;00:00;421.0000000;429.8000000;418.2000000;423.0000000;403754
09/09/22;00:00;424.0000000;439.8000000;424.0000000;437.0000000;697536
12/09/22;00:00;437.4000000;473.8000000;430.2000000;468.0000000;2095870
13/09/22;00:00;469.8000000;474.2000000;455.8000000;461.8000000;1019751
14/09/22;00:00;460.8000000;467.6000000;451.0000000;464.8000000;672927
15/09/22;00:00;466.6000000;487.8000000;466.0000000;484.6000000;1315484
16/09/22;00:00;487.0000000;514.6000000;481.0000000;510.0000000;2599274
19/09/22;00:00;512.0000000;550.2000000;507.0000000;550.2000000;3683963
20/09/22;00:00;550.0000000;559.6000000;460.2000000;493.0000000;12843791
21/09/22;00:00;441.0000000;484.4000000;416.0000000;447.6000000;4870145
22/09/22;00:00;448.2000000;477.8000000;448.2000000;469.6000000;3117183
23/09/22;00:00;470.2000000;472.8000000;406.8000000;419.8000000;3559151
26/09/22;00:00;414.0000000;414.0000000;330.2000000;330.2000000;6703741
27/09/22;00:00;335.2000000;382.2000000;318.4000000;375.4000000;7379992
28/09/22;00:00;375.0000000;389.4000000;345.0000000;362.0000000;5119347
29/09/22;00:00;366.4000000;373.8000000;346.2000000;356.0000000;3062418
30/09/22;00:00;357.2000000;370.0000000;329.0000000;363.2000000;2943042
03/10/22;00:00;370.0000000;394.4000000;366.0000000;392.2000000;2919446
04/10/22;00:00;396.2000000;405.8000000;384.2000000;390.4000000;3638475
05/10/22;00:00;388.0000000;394.0000000;365.2000000;390.0000000;2567210
06/10/22;00:00;393.0000000;399.0000000;385.2000000;386.4000000;1381305
07/10/22;00:00;386.4000000;387.2000000;358.8000000;360.8000000;1533458
10/10/22;00:00;338.8000000;383.6000000;336.6000000;382.4000000;2340342
11/10/22;00:00;383.8000000;408.4000000;380.8000000;403.4000000;1678969
12/10/22;00:00;404.6000000;434.0000000;398.0000000;427.6000000;3040849
13/10/22;00:00;428.0000000;441.2000000;418.2000000;440.0000000;1963147
14/10/22;00:00;449.0000000;451.8000000;426.2000000;439.0000000;1829089
17/10/22;00:00;442.4000000;457.8000000;440.2000000;455.2000000;1735367
18/10/22;00:00;458.8000000;460.0000000;425.2000000;429.2000000;2212401
19/10/22;00:00;429.0000000;439.6000000;414.0000000;436.0000000;2582878
20/10/22;00:00;442.0000000;447.0000000;430.4000000;435.0000000;1195285
21/10/22;00:00;435.6000000;442.0000000;426.0000000;440.6000000;785935
24/10/22;00:00;445.6000000;448.0000000;433.0000000;437.6000000;634365
25/10/22;00:00;434.2000000;452.8000000;418.6000000;448.2000000;1280646
26/10/22;00:00;448.6000000;453.4000000;443.6000000;450.2000000;804026
27/10/22;00:00;452.0000000;456.8000000;438.6000000;446.2000000;942476
28/10/22;00:00;444.6000000;450.8000000;430.8000000;446.4000000;785352
31/10/22;00:00;450.0000000;455.0000000;445.0000000;453.0000000;554463
01/11/22;00:00;454.8000000;468.8000000;453.2000000;468.8000000;1509863
02/11/22;00:00;470.0000000;472.0000000;442.0000000;449.6000000;1263305
03/11/22;00:00;446.2000000;458.4000000;438.2000000;455.4000000;1041634
07/11/22;00:00;464.2000000;470.2000000;459.0000000;469.8000000;868129
08/11/22;00:00;470.4000000;479.6000000;462.4000000;476.2000000;957685
09/11/22;00:00;476.4000000;485.8000000;442.2000000;464.0000000;2017967
10/11/22;00:00;468.0000000;506.8000000;466.4000000;502.4000000;3887267
11/11/22;00:00;504.2000000;506.4000000;490.0000000;499.8000000;1100369
14/11/22;00:00;501.2000000;532.0000000;496.0000000;521.0000000;1604939
15/11/22;00:00;522.2000000;528.6000000;472.2000000;497.8000000;3067972
16/11/22;00:00;501.2000000;512.0000000;495.6000000;508.0000000;891803
17/11/22;00:00;508.2000000;518.6000000;495.8000000;505.2000000;929288
18/11/22;00:00;504.8000000;510.8000000;498.0000000;502.4000000;613419
21/11/22;00:00;502.0000000;502.0000000;481.6000000;489.8000000;1000915
22/11/22;00:00;489.0000000;506.8000000;486.4000000;501.2000000;1083177
23/11/22;00:00;501.2000000;509.0000000;496.0000000;505.6000000;753308
24/11/22;00:00;505.8000000;510.6000000;501.2000000;506.8000000;486167
25/11/22;00:00;505.4000000;507.0000000;497.2000000;498.8000000;348327
28/11/22;00:00;495.4000000;500.2000000;490.4000000;495.8000000;518310
29/11/22;00:00;497.0000000;502.8000000;496.6000000;499.4000000;271460
30/11/22;00:00;499.2000000;510.0000000;496.2000000;506.4000000;297145
01/12/22;00:00;508.0000000;509.0000000;498.2000000;501.8000000;318801
02/12/22;00:00;502.2000000;502.2000000;492.2000000;496.6000000;371943
05/12/22;00:00;495.8000000;503.4000000;492.2000000;498.2000000;364006
06/12/22;00:00;498.8000000;499.6000000;470.0000000;487.8000000;480206
07/12/22;00:00;486.6000000;486.8000000;477.6000000;484.6000000;494847
08/12/22;00:00;485.6000000;488.0000000;471.4000000;474.4000000;617968
09/12/22;00:00;474.0000000;482.8000000;470.2000000;471.2000000;341658
12/12/22;00:00;471.4000000;474.2000000;460.2000000;468.2000000;365274
13/12/22;00:00;469.6000000;470.0000000;458.0000000;463.6000000;355933
14/12/22;00:00;463.6000000;463.6000000;438.4000000;443.0000000;978986
15/12/22;00:00;442.0000000;448.0000000;428.0000000;441.2000000;1088465
16/12/22;00:00;441.2000000;446.8000000;438.0000000;442.6000000;313272
19/12/22;00:00;443.0000000;443.4000000;428.0000000;433.4000000;762038
20/12/22;00:00;430.0000000;452.2000000;428.8000000;449.4000000;828594
21/12/22;00:00;454.8000000;455.0000000;434.0000000;440.0000000;782554
22/12/22;00:00;440.0000000;462.6000000;436.0000000;460.8000000;820467
23/12/22;00:00;459.4000000;469.0000000;448.6000000;451.0000000;962788
26/12/22;00:00;451.6000000;457.6000000;445.0000000;452.6000000;454010
27/12/22;00:00;452.8000000;457.2000000;449.0000000;453.2000000;412757
28/12/22;00:00;453.6000000;453.6000000;438.4000000;440.6000000;432264
29/12/22;00:00;440.6000000;446.4000000;437.2000000;441.6000000;361906
30/12/22;00:00;440.0000000;442.6000000;432.6000000;437.0000000;385600
03/01/23;00:00;438.4000000;454.6000000;435.8000000;446.8000000;323209
04/01/23;00:00;448.0000000;459.4000000;442.6000000;451.2000000;343188
05/01/23;00:00;452.4000000;456.4000000;450.0000000;450.6000000;279101
06/01/23;00:00;451.0000000;451.0000000;442.4000000;446.6000000;153993
09/01/23;00:00;449.0000000;453.4000000;446.6000000;451.0000000;189917
10/01/23;00:00;450.4000000;451.0000000;445.8000000;449.8000000;174675
11/01/23;00:00;450.8000000;466.0000000;450.0000000;462.8000000;846312
12/01/23;00:00;463.4000000;472.0000000;457.0000000;469.4000000;469198
13/01/23;00:00;469.6000000;476.4000000;466.0000000;473.4000000;561277
16/01/23;00:00;479.6000000;491.8000000;476.4000000;489.8000000;944993
17/01/23;00:00;490.6000000;492.0000000;471.0000000;474.2000000;940555
18/01/23;00:00;475.4000000;483.2000000;465.0000000;476.8000000;593846
19/01/23;00:00;475.8000000;480.0000000;466.8000000;467.6000000;380726
20/01/23;00:00;468.0000000;472.2000000;461.0000000;468.2000000;272735
23/01/23;00:00;469.8000000;482.8000000;469.0000000;482.0000000;583967
24/01/23;00:00;484.2000000;484.8000000;473.0000000;474.4000000;463506
25/01/23;00:00;472.6000000;478.4000000;471.0000000;478.4000000;296007
26/01/23;00:00;479.0000000;480.0000000;474.0000000;476.2000000;162368
27/01/23;00:00;476.0000000;480.0000000;468.2000000;475.0000000;331919
30/01/23;00:00;477.8000000;483.2000000;474.2000000;482.2000000;412194
31/01/23;00:00;483.2000000;492.6000000;482.2000000;488.2000000;942039
01/02/23;00:00;490.6000000;497.0000000;480.2000000;488.8000000;933252
02/02/23;00:00;493.8000000;501.0000000;486.6000000;492.0000000;606076
03/02/23;00:00;491.6000000;491.6000000;481.6000000;485.2000000;342072
06/02/23;00:00;486.8000000;495.0000000;485.6000000;493.4000000;354841
07/02/23;00:00;494.4000000;499.4000000;487.2000000;490.8000000;464387
08/02/23;00:00;491.0000000;491.8000000;480.8000000;487.6000000;418853
09/02/23;00:00;487.6000000;487.6000000;476.0000000;482.0000000;362269
10/02/23;00:00;480.0000000;482.2000000;478.2000000;481.0000000;168540
13/02/23;00:00;483.2000000;490.8000000;481.2000000;482.4000000;382081
14/02/23;00:00;483.2000000;505.0000000;482.6000000;485.6000000;2532383
15/02/23;00:00;483.0000000;483.4000000;451.0000000;460.0000000;2304801
16/02/23;00:00;462.0000000;468.8000000;452.0000000;456.4000000;746927
17/02/23;00:00;455.2000000;461.0000000;451.2000000;456.4000000;441607
20/02/23;00:00;460.0000000;460.6000000;446.0000000;456.4000000;580032
21/02/23;00:00;459.8000000;479.8000000;457.2000000;468.2000000;940762
22/02/23;00:00;470.0000000;470.4000000;463.2000000;465.4000000;229008
24/02/23;00:00;465.0000000;473.6000000;464.4000000;473.4000000;413107
27/02/23;00:00;461.8000000;479.4000000;452.2000000;476.6000000;827063
28/02/23;00:00;479.4000000;482.2000000;471.0000000;475.6000000;496215
01/03/23;00:00;479.0000000;490.8000000;476.0000000;487.2000000;1281185
02/03/23;00:00;488.0000000;488.6000000;468.0000000;475.2000000;842870
03/03/23;00:00;477.0000000;481.8000000;476.6000000;479.8000000;315754
06/03/23;00:00;483.4000000;490.0000000;482.2000000;489.8000000;351951
07/03/23;00:00;490.6000000;492.8000000;483.2000000;486.8000000;287812
09/03/23;00:00;486.6000000;489.6000000;479.0000000;488.6000000;448156
10/03/23;00:00;486.2000000;487.8000000;481.8000000;485.6000000;312745
13/03/23;00:00;485.8000000;502.2000000;485.8000000;497.8000000;1170453
14/03/23;00:00;499.6000000;514.0000000;498.0000000;507.2000000;1395003
15/03/23;00:00;508.0000000;512.0000000;497.6000000;501.2000000;1090501
16/03/23;00:00;502.0000000;507.2000000;477.4000000;485.2000000;1906856
17/03/23;00:00;486.2000000;490.4000000;479.2000000;482.4000000;726238
20/03/23;00:00;482.4000000;485.8000000;475.0000000;484.2000000;743351
21/03/23;00:00;484.6000000;488.0000000;476.0000000;480.6000000;601784
22/03/23;00:00;480.2000000;481.0000000;475.2000000;478.0000000;259933
23/03/23;00:00;477.8000000;480.4000000;477.2000000;478.0000000;117773
24/03/23;00:00;479.8000000;480.0000000;477.4000000;478.8000000;175337
27/03/23;00:00;479.4000000;486.0000000;479.0000000;485.6000000;413718
28/03/23;00:00;489.0000000;491.6000000;480.2000000;483.2000000;529968
29/03/23;00:00;484.8000000;485.6000000;480.2000000;483.4000000;327857
30/03/23;00:00;484.0000000;487.6000000;481.2000000;485.6000000;299018
31/03/23;00:00;487.0000000;487.4000000;477.0000000;480.8000000;542157
03/04/23;00:00;482.6000000;485.2000000;476.4000000;481.6000000;339574
04/04/23;00:00;482.0000000;482.2000000;468.0000000;471.4000000;1185589
05/04/23;00:00;472.0000000;472.0000000;463.4000000;467.8000000;764831
06/04/23;00:00;470.4000000;470.8000000;461.6000000;464.0000000;775746
07/04/23;00:00;464.0000000;465.4000000;459.0000000;461.2000000;830905
10/04/23;00:00;461.6000000;478.8000000;461.0000000;478.6000000;1485963
11/04/23;00:00;480.0000000;484.0000000;463.0000000;467.0000000;1686681
12/04/23;00:00;469.0000000;480.0000000;465.2000000;474.4000000;826071
13/04/23;00:00;475.2000000;477.6000000;467.6000000;470.6000000;341612
14/04/23;00:00;471.2000000;471.6000000;467.2000000;471.6000000;246676
17/04/23;00:00;475.0000000;477.8000000;471.0000000;476.4000000;452964
18/04/23;00:00;478.8000000;485.6000000;474.0000000;484.6000000;1162746
19/04/23;00:00;485.6000000;486.6000000;446.0000000;471.6000000;1290941
20/04/23;00:00;474.4000000;480.8000000;466.2000000;479.6000000;738015
21/04/23;00:00;480.2000000;484.0000000;477.6000000;480.6000000;719070
24/04/23;00:00;481.0000000;485.8000000;475.0000000;478.8000000;578447
25/04/23;00:00;479.4000000;480.8000000;476.0000000;478.6000000;332055
26/04/23;00:00;478.6000000;493.4000000;477.0000000;487.6000000;1740177
27/04/23;00:00;489.8000000;501.8000000;486.0000000;501.8000000;2432646
28/04/23;00:00;503.0000000;506.4000000;490.8000000;496.6000000;1221158
02/05/23;00:00;497.8000000;504.2000000;476.0000000;484.2000000;1183890
03/05/23;00:00;485.0000000;485.6000000;462.8000000;462.8000000;1071704
04/05/23;00:00;465.0000000;475.8000000;464.0000000;472.2000000;425356
05/05/23;00:00;473.2000000;489.2000000;470.0000000;474.6000000;1848210
08/05/23;00:00;477.4000000;481.2000000;465.2000000;467.0000000;296918
10/05/23;00:00;471.0000000;489.8000000;471.0000000;488.4000000;1133592
11/05/23;00:00;490.4000000;494.6000000;467.0000000;479.0000000;1385822
12/05/23;00:00;482.0000000;488.0000000;475.2000000;486.2000000;642605
15/05/23;00:00;492.4000000;516.8000000;490.4000000;516.6000000;4163884
16/05/23;00:00;518.2000000;518.6000000;507.2000000;512.4000000;1438253
17/05/23;00:00;512.8000000;514.8000000;505.2000000;512.0000000;715259
18/05/23;00:00;512.8000000;518.0000000;507.8000000;509.6000000;1117959
19/05/23;00:00;509.8000000;544.4000000;507.2000000;540.4000000;4424006
22/05/23;00:00;548.2000000;553.0000000;522.8000000;534.8000000;2321333
23/05/23;00:00;538.0000000;540.4000000;523.4000000;532.4000000;917774
24/05/23;00:00;535.0000000;546.6000000;528.0000000;543.0000000;1233677
25/05/23;00:00;544.0000000;544.8000000;526.4000000;541.6000000;1105784
26/05/23;00:00;541.6000000;561.4000000;537.2000000;559.4000000;2518166
29/05/23;00:00;563.6000000;596.2000000;561.4000000;591.6000000;3519629
30/05/23;00:00;585.0000000;594.6000000;565.6000000;573.0000000;2329803
31/05/23;00:00;570.0000000;582.6000000;561.8000000;574.8000000;1403758
01/06/23;00:00;575.4000000;584.4000000;568.0000000;572.4000000;1155480
02/06/23;00:00;576.0000000;623.4000000;573.2000000;618.6000000;3489242
05/06/23;00:00;621.6000000;652.0000000;606.0000000;612.0000000;6056686
06/06/23;00:00;609.6000000;637.4000000;592.2000000;629.8000000;3516366
07/06/23;00:00;634.0000000;642.8000000;626.4000000;633.6000000;1995719
08/06/23;00:00;634.0000000;648.4000000;628.0000000;641.4000000;1737511
09/06/23;00:00;644.0000000;647.8000000;632.2000000;635.8000000;1109588
13/06/23;00:00;637.8000000;640.0000000;623.4000000;634.4000000;1357130
14/06/23;00:00;638.0000000;638.2000000;627.0000000;630.0000000;700458
15/06/23;00:00;629.8000000;632.8000000;620.2000000;623.8000000;970887
16/06/23;00:00;624.4000000;626.8000000;611.2000000;618.8000000;1252616
19/06/23;00:00;623.0000000;630.0000000;615.6000000;621.6000000;908896
20/06/23;00:00;622.6000000;631.0000000;605.2000000;628.2000000;1569001
21/06/23;00:00;629.0000000;644.0000000;626.2000000;641.4000000;2002588
22/06/23;00:00;641.6000000;647.0000000;622.2000000;623.2000000;1234540
23/06/23;00:00;624.0000000;651.0000000;607.0000000;613.8000000;4988362
26/06/23;00:00;627.6000000;633.4000000;590.0000000;617.2000000;2903374
27/06/23;00:00;620.0000000;635.0000000;617.8000000;626.6000000;1270402
28/06/23;00:00;630.4000000;634.0000000;620.8000000;625.2000000;715335
29/06/23;00:00;625.8000000;627.6000000;621.2000000;622.6000000;390056
30/06/23;00:00;623.0000000;624.8000000;610.0000000;613.0000000;626631
03/07/23;00:00;612.8000000;617.6000000;605.4000000;610.2000000;573920
04/07/23;00:00;610.2000000;615.0000000;598.6000000;602.8000000;820911
05/07/23;00:00;605.0000000;611.0000000;602.6000000;605.2000000;530427
06/07/23;00:00;607.6000000;613.8000000;603.2000000;607.0000000;427386
07/07/23;00:00;606.0000000;609.0000000;602.4000000;605.8000000;335032
10/07/23;00:00;606.6000000;620.0000000;606.0000000;616.0000000;772116
11/07/23;00:00;617.8000000;623.0000000;610.6000000;622.8000000;601418
12/07/23;00:00;624.4000000;632.8000000;620.4000000;628.6000000;1054466
13/07/23;00:00;629.6000000;640.8000000;617.4000000;640.6000000;1902513
14/07/23;00:00;640.8000000;664.0000000;638.0000000;661.4000000;4699556
17/07/23;00:00;656.0000000;685.8000000;650.0000000;684.6000000;3371700
18/07/23;00:00;684.8000000;688.0000000;671.8000000;676.8000000;1674138
19/07/23;00:00;675.4000000;678.6000000;665.2000000;669.2000000;977117
20/07/23;00:00;668.2000000;680.0000000;655.2000000;658.6000000;1976860
21/07/23;00:00;660.2000000;671.8000000;657.6000000;671.4000000;986001
24/07/23;00:00;671.6000000;687.0000000;668.0000000;681.6000000;1467660
25/07/23;00:00;684.4000000;684.8000000;674.0000000;679.8000000;789920
26/07/23;00:00;679.8000000;679.8000000;670.8000000;676.2000000;667187
27/07/23;00:00;678.6000000;701.0000000;676.4000000;697.4000000;2682612
28/07/23;00:00;698.6000000;723.0000000;697.0000000;721.4000000;2348168
31/07/23;00:00;724.6000000;734.0000000;710.6000000;716.6000000;2468919
01/08/23;00:00;718.8000000;738.0000000;711.2000000;729.6000000;2064593
02/08/23;00:00;729.6000000;737.6000000;712.0000000;723.0000000;1184575
03/08/23;00:00;724.0000000;752.0000000;717.2000000;747.8000000;1935435
04/08/23;00:00;753.2000000;767.8000000;680.6000000;729.8000000;4320157
07/08/23;00:00;733.6000000;753.0000000;706.2000000;721.8000000;2287565
08/08/23;00:00;721.8000000;734.0000000;697.0000000;731.0000000;2148698
09/08/23;00:00;734.0000000;783.0000000;725.8000000;782.0000000;2992967
10/08/23;00:00;795.0000000;799.8000000;750.6000000;761.6000000;5595192
11/08/23;00:00;760.0000000;783.0000000;756.0000000;772.2000000;4898968
14/08/23;00:00;778.0000000;779.0000000;732.0000000;734.4000000;2753360
15/08/23;00:00;730.4000000;760.0000000;720.0000000;737.8000000;1866905
16/08/23;00:00;736.6000000;746.6000000;701.2000000;709.8000000;2885343
17/08/23;00:00;718.2000000;721.8000000;706.8000000;719.8000000;1443005
18/08/23;00:00;720.0000000;728.6000000;710.4000000;724.4000000;994285
21/08/23;00:00;730.2000000;756.6000000;728.0000000;754.6000000;1872331
22/08/23;00:00;755.4000000;757.2000000;737.8000000;743.0000000;1232268
23/08/23;00:00;746.6000000;746.8000000;706.8000000;712.4000000;3159082
24/08/23;00:00;721.0000000;734.4000000;715.8000000;730.2000000;1007265
25/08/23;00:00;731.6000000;736.8000000;720.2000000;725.0000000;770047
28/08/23;00:00;725.4000000;735.0000000;724.0000000;735.0000000;687122
29/08/23;00:00;735.2000000;739.8000000;724.2000000;729.0000000;844745
30/08/23;00:00;729.0000000;733.8000000;721.0000000;730.0000000;636120
31/08/23;00:00;730.0000000;751.0000000;726.4000000;746.6000000;1682984
01/09/23;00:00;746.8000000;753.6000000;737.2000000;740.4000000;699311
04/09/23;00:00;747.8000000;772.4000000;745.6000000;769.6000000;2473989
05/09/23;00:00;768.2000000;771.8000000;752.4000000;761.4000000;1570560
06/09/23;00:00;761.2000000;761.6000000;742.0000000;748.2000000;1117002
07/09/23;00:00;748.2000000;752.6000000;715.2000000;730.2000000;2123052
08/09/23;00:00;731.4000000;739.8000000;710.0000000;717.6000000;1107076
11/09/23;00:00;719.8000000;732.8000000;657.6000000;663.0000000;4906998
12/09/23;00:00;662.8000000;700.2000000;659.2000000;682.8000000;3465189
13/09/23;00:00;680.0000000;681.2000000;636.8000000;645.0000000;3204480
14/09/23;00:00;644.0000000;649.6000000;627.2000000;640.8000000;1642274
15/09/23;00:00;632.0000000;656.6000000;631.8000000;645.2000000;760832
18/09/23;00:00;647.0000000;669.0000000;646.0000000;666.0000000;1025269
20/10/23;00:00;599.8000000;642.6000000;550.0000000;619.6000000;20702828
23/10/23;00:00;620.0000000;642.8000000;611.0000000;619.6000000;10133990
24/10/23;00:00;620.4000000;622.4000000;606.4000000;611.0000000;3155040
25/10/23;00:00;610.8000000;611.8000000;592.2000000;595.2000000;4005976
26/10/23;00:00;596.2000000;608.0000000;586.0000000;590.2000000;2952969
27/10/23;00:00;590.2000000;593.4000000;575.4000000;578.0000000;2730224
30/10/23;00:00;579.8000000;601.2000000;574.6000000;589.8000000;3471042
31/10/23;00:00;589.8000000;592.8000000;576.0000000;577.8000000;2256756
01/11/23;00:00;580.8000000;587.0000000;578.0000000;586.0000000;1155012
02/11/23;00:00;589.0000000;599.0000000;579.0000000;587.4000000;2640224
03/11/23;00:00;590.8000000;621.6000000;588.0000000;615.6000000;6436642
06/11/23;00:00;619.2000000;635.0000000;619.0000000;632.4000000;4067938
07/11/23;00:00;634.2000000;636.0000000;620.8000000;630.0000000;2991302
08/11/23;00:00;633.4000000;633.4000000;609.2000000;617.6000000;3521624
09/11/23;00:00;620.2000000;626.2000000;601.4000000;604.4000000;4247709
10/11/23;00:00;607.0000000;607.8000000;584.0000000;593.0000000;3853324
13/11/23;00:00;598.0000000;609.8000000;593.0000000;608.0000000;3316883
14/11/23;00:00;608.8000000;611.8000000;595.4000000;598.2000000;2385166
15/11/23;00:00;597.6000000;608.0000000;595.0000000;607.0000000;2326776
16/11/23;00:00;607.0000000;622.2000000;603.6000000;604.0000000;4094178
17/11/23;00:00;605.0000000;620.8000000;601.0000000;614.8000000;2886937
20/11/23;00:00;615.2000000;633.0000000;615.2000000;628.8000000;3162101
21/11/23;00:00;629.2000000;640.8000000;625.2000000;636.4000000;3016168
22/11/23;00:00;638.0000000;651.8000000;635.2000000;639.2000000;3199822
23/11/23;00:00;640.0000000;642.0000000;622.4000000;627.8000000;1761456
24/11/23;00:00;628.2000000;632.8000000;617.4000000;626.2000000;1381693
27/11/23;00:00;624.8000000;625.0000000;611.2000000;613.6000000;1891743
28/11/23;00:00;614.2000000;632.0000000;612.8000000;631.0000000;1592004
29/11/23;00:00;633.0000000;644.0000000;620.0000000;625.8000000;1787913
30/11/23;00:00;625.4000000;627.0000000;612.0000000;613.4000000;1345445
01/12/23;00:00;613.8000000;619.6000000;600.6000000;602.4000000;1319460
04/12/23;00:00;602.2000000;611.2000000;587.2000000;595.4000000;1504009
05/12/23;00:00;599.8000000;606.2000000;593.0000000;601.4000000;956077
06/12/23;00:00;601.8000000;605.0000000;580.6000000;582.4000000;1130301
07/12/23;00:00;582.2000000;587.8000000;563.2000000;580.0000000;2121739
08/12/23;00:00;581.0000000;588.0000000;572.0000000;573.6000000;839384
11/12/23;00:00;574.2000000;575.0000000;536.8000000;539.8000000;2738980
12/12/23;00:00;541.6000000;546.8000000;520.2000000;534.4000000;2766920
13/12/23;00:00;534.6000000;563.0000000;532.8000000;554.8000000;2044959
14/12/23;00:00;559.8000000;564.0000000;545.0000000;545.0000000;952030
15/12/23;00:00;545.2000000;573.4000000;543.0000000;566.8000000;1398066
18/12/23;00:00;571.6000000;586.0000000;557.0000000;583.0000000;1676024
19/12/23;00:00;583.0000000;588.0000000;570.8000000;578.0000000;983272
20/12/23;00:00;578.8000000;583.6000000;575.2000000;576.2000000;641082
21/12/23;00:00;575.8000000;577.8000000;562.0000000;563.6000000;1141859
22/12/23;00:00;564.8000000;578.0000000;563.6000000;565.4000000;942836
25/12/23;00:00;567.8000000;572.4000000;558.2000000;563.0000000;1170014
26/12/23;00:00;564.0000000;565.2000000;551.0000000;553.2000000;1521063
27/12/23;00:00;555.0000000;562.8000000;551.6000000;553.4000000;1401086
28/12/23;00:00;553.2000000;567.0000000;553.2000000;564.0000000;1520550
29/12/23;00:00;566.0000000;572.2000000;554.2000000;556.4000000;1190247
